case=arc_quarter_w3_a0 start=0 end=90 width=3
combined case=arc_quarter_w3_a0 y=27 res=Transparent ranges=[(16, 86, 0)]
combined case=arc_quarter_w3_a0 y=28 res=Transparent ranges=[(16, 86, 0)]
combined case=arc_quarter_w3_a0 y=29 res=Transparent ranges=[(16, 86, 0)]
combined case=arc_quarter_w3_a0 y=30 res=Transparent ranges=[(16, 86, 0)]
combined case=arc_quarter_w3_a0 y=31 res=Transparent ranges=[(16, 86, 0)]
combined case=arc_quarter_w3_a0 y=32 res=Transparent ranges=[(16, 86, 0)]
combined case=arc_quarter_w3_a0 y=33 res=Transparent ranges=[(16, 86, 0)]
combined case=arc_quarter_w3_a0 y=34 res=Transparent ranges=[(16, 86, 0)]
combined case=arc_quarter_w3_a0 y=35 res=Transparent ranges=[(16, 86, 0)]
combined case=arc_quarter_w3_a0 y=36 res=Transparent ranges=[(16, 86, 0)]
combined case=arc_quarter_w3_a0 y=37 res=Transparent ranges=[(16, 86, 0)]
combined case=arc_quarter_w3_a0 y=38 res=Transparent ranges=[(16, 86, 0)]
combined case=arc_quarter_w3_a0 y=39 res=Transparent ranges=[(16, 86, 0)]
combined case=arc_quarter_w3_a0 y=40 res=Transparent ranges=[(16, 86, 0)]
combined case=arc_quarter_w3_a0 y=41 res=Transparent ranges=[(16, 86, 0)]
combined case=arc_quarter_w3_a0 y=42 res=Transparent ranges=[(16, 86, 0)]
combined case=arc_quarter_w3_a0 y=43 res=Transparent ranges=[(16, 86, 0)]
combined case=arc_quarter_w3_a0 y=44 res=Transparent ranges=[(16, 86, 0)]
combined case=arc_quarter_w3_a0 y=45 res=Transparent ranges=[(16, 86, 0)]
combined case=arc_quarter_w3_a0 y=46 res=Transparent ranges=[(16, 86, 0)]
combined case=arc_quarter_w3_a0 y=47 res=Transparent ranges=[(16, 86, 0)]
combined case=arc_quarter_w3_a0 y=48 res=Transparent ranges=[(16, 86, 0)]
combined case=arc_quarter_w3_a0 y=49 res=Transparent ranges=[(16, 86, 0)]
combined case=arc_quarter_w3_a0 y=50 res=Transparent ranges=[(16, 86, 0)]
combined case=arc_quarter_w3_a0 y=51 res=Transparent ranges=[(16, 86, 0)]
combined case=arc_quarter_w3_a0 y=52 res=Transparent ranges=[(16, 86, 0)]
combined case=arc_quarter_w3_a0 y=53 res=Transparent ranges=[(16, 86, 0)]
combined case=arc_quarter_w3_a0 y=54 res=Transparent ranges=[(16, 86, 0)]
combined case=arc_quarter_w3_a0 y=55 res=Transparent ranges=[(16, 86, 0)]
combined case=arc_quarter_w3_a0 y=56 res=Transparent ranges=[(16, 86, 0)]
combined case=arc_quarter_w3_a0 y=57 res=Transparent ranges=[(16, 86, 0)]
combined case=arc_quarter_w3_a0 y=58 res=Transparent ranges=[(16, 86, 0)]
combined case=arc_quarter_w3_a0 y=59 res=Transparent ranges=[(16, 86, 0)]
combined case=arc_quarter_w3_a0 y=60 res=Transparent ranges=[(16, 86, 0)]
angle-only case=arc_quarter_w3_a0 y=60 res=Transparent ranges=[(16, 86, 0)]
outer-only case=arc_quarter_w3_a0 y=60 res=Changed ranges=[(16, 86, 255)]
inner-only case=arc_quarter_w3_a0 y=60 res=Changed ranges=[(16, 18, 255), (19, 83, 0), (84, 86, 255)]
outer case=arc_quarter_w3_a0 rel_y=33 x_start=35 opa=[0]
inner case=arc_quarter_w3_a0 rel_y=30 x_start=32 opa=[0]
combined case=arc_quarter_w3_a0 y=61 res=Transparent ranges=[(16, 86, 0)]
angle-only case=arc_quarter_w3_a0 y=61 res=Transparent ranges=[(16, 86, 0)]
outer-only case=arc_quarter_w3_a0 y=61 res=Changed ranges=[(16, 86, 255)]
inner-only case=arc_quarter_w3_a0 y=61 res=Changed ranges=[(16, 18, 255), (19, 83, 0), (84, 86, 255)]
outer case=arc_quarter_w3_a0 rel_y=34 x_start=35 opa=[0]
inner case=arc_quarter_w3_a0 rel_y=31 x_start=32 opa=[0]
combined case=arc_quarter_w3_a0 y=62 res=Changed ranges=[(16, 83, 0), (84, 86, 255)]
angle-only case=arc_quarter_w3_a0 y=62 res=Changed ranges=[(16, 50, 0), (51, 86, 255)]
outer-only case=arc_quarter_w3_a0 y=62 res=FullCover ranges=[(16, 86, 255)]
inner-only case=arc_quarter_w3_a0 y=62 res=Changed ranges=[(16, 18, 255), (19, 83, 0), (84, 86, 255)]
combined case=arc_quarter_w3_a0 y=63 res=Changed ranges=[(16, 83, 0), (84, 86, 255)]
angle-only case=arc_quarter_w3_a0 y=63 res=Changed ranges=[(16, 50, 0), (51, 86, 255)]
outer-only case=arc_quarter_w3_a0 y=63 res=Changed ranges=[(16, 86, 255)]
inner-only case=arc_quarter_w3_a0 y=63 res=Changed ranges=[(16, 18, 255), (19, 83, 0), (84, 86, 255)]
outer case=arc_quarter_w3_a0 rel_y=36 x_start=35 opa=[0]
inner case=arc_quarter_w3_a0 rel_y=33 x_start=32 opa=[0]
combined case=arc_quarter_w3_a0 y=64 res=Changed ranges=[(16, 83, 0), (84, 86, 255)]
angle-only case=arc_quarter_w3_a0 y=64 res=Changed ranges=[(16, 50, 0), (51, 86, 255)]
outer-only case=arc_quarter_w3_a0 y=64 res=Changed ranges=[(16, 86, 255)]
inner-only case=arc_quarter_w3_a0 y=64 res=Changed ranges=[(16, 18, 255), (19, 83, 0), (84, 86, 255)]
outer case=arc_quarter_w3_a0 rel_y=37 x_start=35 opa=[0]
inner case=arc_quarter_w3_a0 rel_y=34 x_start=32 opa=[0]
combined case=arc_quarter_w3_a0 y=65 res=Changed ranges=[(16, 82, 0), (83, 83, 15), (84, 85, 255), (86, 86, 240)]
combined case=arc_quarter_w3_a0 y=66 res=Changed ranges=[(16, 82, 0), (83, 83, 63), (84, 85, 255), (86, 86, 192)]
combined case=arc_quarter_w3_a0 y=67 res=Changed ranges=[(16, 82, 0), (83, 83, 79), (84, 85, 255), (86, 86, 192)]
combined case=arc_quarter_w3_a0 y=68 res=Changed ranges=[(16, 82, 0), (83, 83, 127), (84, 85, 255), (86, 86, 128)]
combined case=arc_quarter_w3_a0 y=69 res=Changed ranges=[(16, 82, 0), (83, 83, 175), (84, 85, 255), (86, 86, 96)]
combined case=arc_quarter_w3_a0 y=70 res=Changed ranges=[(16, 82, 0), (83, 83, 239), (84, 85, 255), (86, 86, 48)]
combined case=arc_quarter_w3_a0 y=71 res=Changed ranges=[(16, 81, 0), (82, 82, 47), (83, 84, 255), (85, 85, 240), (86, 86, 0)]
combined case=arc_quarter_w3_a0 y=72 res=Changed ranges=[(16, 81, 0), (82, 82, 111), (83, 84, 255), (85, 85, 160), (86, 86, 0)]
combined case=arc_quarter_w3_a0 y=73 res=Changed ranges=[(16, 81, 0), (82, 82, 207), (83, 84, 255), (85, 85, 96), (86, 86, 0)]
combined case=arc_quarter_w3_a0 y=74 res=Changed ranges=[(16, 80, 0), (81, 81, 47), (82, 84, 255), (85, 85, 16), (86, 86, 0)]
combined case=arc_quarter_w3_a0 y=75 res=Changed ranges=[(16, 80, 0), (81, 81, 159), (82, 83, 255), (84, 84, 160), (85, 86, 0)]
combined case=arc_quarter_w3_a0 y=76 res=Changed ranges=[(16, 79, 0), (80, 80, 15), (81, 81, 239), (82, 83, 255), (84, 84, 64), (85, 86, 0)]
combined case=arc_quarter_w3_a0 y=77 res=Changed ranges=[(16, 79, 0), (80, 80, 127), (81, 82, 255), (83, 83, 192), (84, 86, 0)]
combined case=arc_quarter_w3_a0 y=78 res=Changed ranges=[(16, 78, 0), (79, 79, 31), (80, 80, 239), (81, 82, 255), (83, 83, 96), (84, 86, 0)]
combined case=arc_quarter_w3_a0 y=79 res=Changed ranges=[(16, 78, 0), (79, 79, 175), (80, 81, 255), (82, 82, 192), (83, 86, 0)]
combined case=arc_quarter_w3_a0 y=80 res=Changed ranges=[(16, 77, 0), (78, 78, 63), (79, 81, 255), (82, 82, 64), (83, 86, 0)]
combined case=arc_quarter_w3_a0 y=81 res=Changed ranges=[(16, 76, 0), (77, 77, 15), (78, 78, 239), (79, 80, 255), (81, 81, 160), (82, 86, 0)]
combined case=arc_quarter_w3_a0 y=82 res=Changed ranges=[(16, 76, 0), (77, 77, 191), (78, 79, 255), (80, 80, 240), (81, 81, 16), (82, 86, 0)]
combined case=arc_quarter_w3_a0 y=83 res=Changed ranges=[(16, 75, 0), (76, 76, 143), (77, 79, 255), (80, 80, 64), (81, 86, 0)]
combined case=arc_quarter_w3_a0 y=84 res=Changed ranges=[(16, 74, 0), (75, 75, 95), (76, 78, 255), (79, 79, 128), (80, 86, 0)]
combined case=arc_quarter_w3_a0 y=85 res=Changed ranges=[(16, 73, 0), (74, 74, 95), (75, 77, 255), (78, 78, 176), (79, 86, 0)]
combined case=arc_quarter_w3_a0 y=86 res=Changed ranges=[(16, 72, 0), (73, 73, 95), (74, 76, 255), (77, 77, 208), (78, 78, 16), (79, 86, 0)]
combined case=arc_quarter_w3_a0 y=87 res=Changed ranges=[(16, 71, 0), (72, 72, 143), (73, 75, 255), (76, 76, 208), (77, 86, 0)]
combined case=arc_quarter_w3_a0 y=88 res=Changed ranges=[(16, 69, 0), (70, 70, 15), (71, 71, 191), (72, 74, 255), (75, 75, 208), (76, 86, 0)]
combined case=arc_quarter_w3_a0 y=89 res=Changed ranges=[(16, 68, 0), (69, 69, 63), (70, 70, 239), (71, 73, 255), (74, 74, 176), (75, 75, 16), (76, 86, 0)]
combined case=arc_quarter_w3_a0 y=90 res=Changed ranges=[(16, 66, 0), (67, 67, 31), (68, 68, 175), (69, 72, 255), (73, 73, 128), (74, 86, 0)]
combined case=arc_quarter_w3_a0 y=91 res=Changed ranges=[(16, 64, 0), (65, 65, 15), (66, 66, 127), (67, 67, 239), (68, 70, 255), (71, 71, 240), (72, 72, 64), (73, 86, 0)]
combined case=arc_quarter_w3_a0 y=92 res=Changed ranges=[(16, 62, 0), (63, 63, 47), (64, 64, 159), (65, 65, 239), (66, 69, 255), (70, 70, 160), (71, 71, 16), (72, 86, 0)]
combined case=arc_quarter_w3_a0 y=93 res=Changed ranges=[(16, 59, 0), (60, 60, 47), (61, 61, 111), (62, 62, 207), (63, 67, 255), (68, 68, 192), (69, 69, 64), (70, 86, 0)]
combined case=arc_quarter_w3_a0 y=94 res=Changed ranges=[(16, 53, 0), (54, 54, 15), (55, 55, 63), (56, 56, 79), (57, 57, 127), (58, 58, 175), (59, 59, 239), (60, 65, 255), (66, 66, 192), (67, 67, 96), (68, 86, 0)]
combined case=arc_quarter_w3_a0 y=95 res=Changed ranges=[(16, 50, 0), (51, 63, 255), (64, 64, 160), (65, 65, 64), (66, 86, 0)]
combined case=arc_quarter_w3_a0 y=96 res=Changed ranges=[(16, 50, 0), (51, 59, 255), (60, 60, 240), (61, 61, 160), (62, 62, 96), (63, 63, 16), (64, 86, 0)]
combined case=arc_quarter_w3_a0 y=97 res=Changed ranges=[(16, 50, 0), (51, 53, 255), (54, 54, 240), (55, 56, 192), (57, 57, 128), (58, 58, 96), (59, 59, 48), (60, 86, 0)]

case=arc_quarter_w3_a90 start=90 end=180 width=3
combined case=arc_quarter_w3_a90 y=27 res=Transparent ranges=[(16, 86, 0)]
combined case=arc_quarter_w3_a90 y=28 res=Transparent ranges=[(16, 86, 0)]
combined case=arc_quarter_w3_a90 y=29 res=Transparent ranges=[(16, 86, 0)]
combined case=arc_quarter_w3_a90 y=30 res=Transparent ranges=[(16, 86, 0)]
combined case=arc_quarter_w3_a90 y=31 res=Transparent ranges=[(16, 86, 0)]
combined case=arc_quarter_w3_a90 y=32 res=Transparent ranges=[(16, 86, 0)]
combined case=arc_quarter_w3_a90 y=33 res=Transparent ranges=[(16, 86, 0)]
combined case=arc_quarter_w3_a90 y=34 res=Transparent ranges=[(16, 86, 0)]
combined case=arc_quarter_w3_a90 y=35 res=Transparent ranges=[(16, 86, 0)]
combined case=arc_quarter_w3_a90 y=36 res=Transparent ranges=[(16, 86, 0)]
combined case=arc_quarter_w3_a90 y=37 res=Transparent ranges=[(16, 86, 0)]
combined case=arc_quarter_w3_a90 y=38 res=Transparent ranges=[(16, 86, 0)]
combined case=arc_quarter_w3_a90 y=39 res=Transparent ranges=[(16, 86, 0)]
combined case=arc_quarter_w3_a90 y=40 res=Transparent ranges=[(16, 86, 0)]
combined case=arc_quarter_w3_a90 y=41 res=Transparent ranges=[(16, 86, 0)]
combined case=arc_quarter_w3_a90 y=42 res=Transparent ranges=[(16, 86, 0)]
combined case=arc_quarter_w3_a90 y=43 res=Transparent ranges=[(16, 86, 0)]
combined case=arc_quarter_w3_a90 y=44 res=Transparent ranges=[(16, 86, 0)]
combined case=arc_quarter_w3_a90 y=45 res=Transparent ranges=[(16, 86, 0)]
combined case=arc_quarter_w3_a90 y=46 res=Transparent ranges=[(16, 86, 0)]
combined case=arc_quarter_w3_a90 y=47 res=Transparent ranges=[(16, 86, 0)]
combined case=arc_quarter_w3_a90 y=48 res=Transparent ranges=[(16, 86, 0)]
combined case=arc_quarter_w3_a90 y=49 res=Transparent ranges=[(16, 86, 0)]
combined case=arc_quarter_w3_a90 y=50 res=Transparent ranges=[(16, 86, 0)]
combined case=arc_quarter_w3_a90 y=51 res=Transparent ranges=[(16, 86, 0)]
combined case=arc_quarter_w3_a90 y=52 res=Transparent ranges=[(16, 86, 0)]
combined case=arc_quarter_w3_a90 y=53 res=Transparent ranges=[(16, 86, 0)]
combined case=arc_quarter_w3_a90 y=54 res=Transparent ranges=[(16, 86, 0)]
combined case=arc_quarter_w3_a90 y=55 res=Transparent ranges=[(16, 86, 0)]
combined case=arc_quarter_w3_a90 y=56 res=Transparent ranges=[(16, 86, 0)]
combined case=arc_quarter_w3_a90 y=57 res=Transparent ranges=[(16, 86, 0)]
combined case=arc_quarter_w3_a90 y=58 res=Transparent ranges=[(16, 86, 0)]
combined case=arc_quarter_w3_a90 y=59 res=Transparent ranges=[(16, 86, 0)]
combined case=arc_quarter_w3_a90 y=60 res=Transparent ranges=[(16, 86, 0)]
combined case=arc_quarter_w3_a90 y=61 res=Transparent ranges=[(16, 86, 0)]
combined case=arc_quarter_w3_a90 y=62 res=Changed ranges=[(16, 18, 255), (19, 86, 0)]
combined case=arc_quarter_w3_a90 y=63 res=Changed ranges=[(16, 18, 255), (19, 86, 0)]
combined case=arc_quarter_w3_a90 y=64 res=Changed ranges=[(16, 18, 255), (19, 86, 0)]
combined case=arc_quarter_w3_a90 y=65 res=Changed ranges=[(16, 16, 240), (17, 18, 255), (19, 19, 15), (20, 86, 0)]
combined case=arc_quarter_w3_a90 y=66 res=Changed ranges=[(16, 16, 192), (17, 18, 255), (19, 19, 63), (20, 86, 0)]
combined case=arc_quarter_w3_a90 y=67 res=Changed ranges=[(16, 16, 192), (17, 18, 255), (19, 19, 79), (20, 86, 0)]
combined case=arc_quarter_w3_a90 y=68 res=Changed ranges=[(16, 16, 128), (17, 18, 255), (19, 19, 127), (20, 86, 0)]
combined case=arc_quarter_w3_a90 y=69 res=Changed ranges=[(16, 16, 96), (17, 18, 255), (19, 19, 175), (20, 86, 0)]
combined case=arc_quarter_w3_a90 y=70 res=Changed ranges=[(16, 16, 48), (17, 18, 255), (19, 19, 239), (20, 86, 0)]
combined case=arc_quarter_w3_a90 y=71 res=Changed ranges=[(16, 16, 0), (17, 17, 240), (18, 19, 255), (20, 20, 47), (21, 86, 0)]
combined case=arc_quarter_w3_a90 y=72 res=Changed ranges=[(16, 16, 0), (17, 17, 160), (18, 19, 255), (20, 20, 111), (21, 86, 0)]
combined case=arc_quarter_w3_a90 y=73 res=Changed ranges=[(16, 16, 0), (17, 17, 96), (18, 19, 255), (20, 20, 207), (21, 86, 0)]
combined case=arc_quarter_w3_a90 y=74 res=Changed ranges=[(16, 16, 0), (17, 17, 16), (18, 20, 255), (21, 21, 47), (22, 86, 0)]
combined case=arc_quarter_w3_a90 y=75 res=Changed ranges=[(16, 17, 0), (18, 18, 160), (19, 20, 255), (21, 21, 159), (22, 86, 0)]
combined case=arc_quarter_w3_a90 y=76 res=Changed ranges=[(16, 17, 0), (18, 18, 64), (19, 20, 255), (21, 21, 239), (22, 22, 15), (23, 86, 0)]
combined case=arc_quarter_w3_a90 y=77 res=Changed ranges=[(16, 18, 0), (19, 19, 192), (20, 21, 255), (22, 22, 127), (23, 86, 0)]
combined case=arc_quarter_w3_a90 y=78 res=Changed ranges=[(16, 18, 0), (19, 19, 96), (20, 21, 255), (22, 22, 239), (23, 23, 31), (24, 86, 0)]
combined case=arc_quarter_w3_a90 y=79 res=Changed ranges=[(16, 19, 0), (20, 20, 192), (21, 22, 255), (23, 23, 175), (24, 86, 0)]
combined case=arc_quarter_w3_a90 y=80 res=Changed ranges=[(16, 19, 0), (20, 20, 64), (21, 23, 255), (24, 24, 63), (25, 86, 0)]
combined case=arc_quarter_w3_a90 y=81 res=Changed ranges=[(16, 20, 0), (21, 21, 160), (22, 23, 255), (24, 24, 239), (25, 25, 15), (26, 86, 0)]
combined case=arc_quarter_w3_a90 y=82 res=Changed ranges=[(16, 20, 0), (21, 21, 16), (22, 22, 240), (23, 24, 255), (25, 25, 191), (26, 86, 0)]
combined case=arc_quarter_w3_a90 y=83 res=Changed ranges=[(16, 21, 0), (22, 22, 64), (23, 25, 255), (26, 26, 143), (27, 86, 0)]
combined case=arc_quarter_w3_a90 y=84 res=Changed ranges=[(16, 22, 0), (23, 23, 128), (24, 26, 255), (27, 27, 95), (28, 86, 0)]
combined case=arc_quarter_w3_a90 y=85 res=Changed ranges=[(16, 23, 0), (24, 24, 176), (25, 27, 255), (28, 28, 95), (29, 86, 0)]
combined case=arc_quarter_w3_a90 y=86 res=Changed ranges=[(16, 23, 0), (24, 24, 16), (25, 25, 208), (26, 28, 255), (29, 29, 95), (30, 86, 0)]
combined case=arc_quarter_w3_a90 y=87 res=Changed ranges=[(16, 25, 0), (26, 26, 208), (27, 29, 255), (30, 30, 143), (31, 86, 0)]
combined case=arc_quarter_w3_a90 y=88 res=Changed ranges=[(16, 26, 0), (27, 27, 208), (28, 30, 255), (31, 31, 191), (32, 32, 15), (33, 86, 0)]
combined case=arc_quarter_w3_a90 y=89 res=Changed ranges=[(16, 26, 0), (27, 27, 16), (28, 28, 176), (29, 31, 255), (32, 32, 239), (33, 33, 63), (34, 86, 0)]
combined case=arc_quarter_w3_a90 y=90 res=Changed ranges=[(16, 28, 0), (29, 29, 128), (30, 33, 255), (34, 34, 175), (35, 35, 31), (36, 86, 0)]
combined case=arc_quarter_w3_a90 y=91 res=Changed ranges=[(16, 29, 0), (30, 30, 64), (31, 31, 240), (32, 34, 255), (35, 35, 239), (36, 36, 127), (37, 37, 15), (38, 86, 0)]
combined case=arc_quarter_w3_a90 y=92 res=Changed ranges=[(16, 30, 0), (31, 31, 16), (32, 32, 160), (33, 36, 255), (37, 37, 239), (38, 38, 159), (39, 39, 47), (40, 86, 0)]
combined case=arc_quarter_w3_a90 y=93 res=Changed ranges=[(16, 32, 0), (33, 33, 64), (34, 34, 192), (35, 39, 255), (40, 40, 207), (41, 41, 111), (42, 42, 47), (43, 86, 0)]
combined case=arc_quarter_w3_a90 y=94 res=Changed ranges=[(16, 34, 0), (35, 35, 96), (36, 36, 192), (37, 42, 255), (43, 43, 239), (44, 44, 175), (45, 45, 127), (46, 46, 79), (47, 47, 63), (48, 48, 15), (49, 86, 0)]
combined case=arc_quarter_w3_a90 y=95 res=Changed ranges=[(16, 36, 0), (37, 37, 64), (38, 38, 160), (39, 50, 255), (51, 86, 0)]
combined case=arc_quarter_w3_a90 y=96 res=Changed ranges=[(16, 38, 0), (39, 39, 16), (40, 40, 96), (41, 41, 160), (42, 42, 240), (43, 50, 255), (51, 86, 0)]
combined case=arc_quarter_w3_a90 y=97 res=Changed ranges=[(16, 42, 0), (43, 43, 48), (44, 44, 96), (45, 45, 128), (46, 47, 192), (48, 48, 240), (49, 50, 255), (51, 86, 0)]

case=arc_quarter_w3_a180 start=180 end=270 width=3
combined case=arc_quarter_w3_a180 y=27 res=Changed ranges=[(16, 42, 0), (43, 43, 48), (44, 44, 96), (45, 45, 128), (46, 47, 192), (48, 48, 240), (49, 50, 255), (51, 86, 0)]
combined case=arc_quarter_w3_a180 y=28 res=Changed ranges=[(16, 38, 0), (39, 39, 16), (40, 40, 96), (41, 41, 160), (42, 42, 240), (43, 50, 255), (51, 86, 0)]
combined case=arc_quarter_w3_a180 y=29 res=Changed ranges=[(16, 36, 0), (37, 37, 64), (38, 38, 160), (39, 50, 255), (51, 86, 0)]
combined case=arc_quarter_w3_a180 y=30 res=Changed ranges=[(16, 34, 0), (35, 35, 96), (36, 36, 192), (37, 42, 255), (43, 43, 239), (44, 44, 175), (45, 45, 127), (46, 46, 79), (47, 47, 63), (48, 48, 15), (49, 86, 0)]
combined case=arc_quarter_w3_a180 y=31 res=Changed ranges=[(16, 32, 0), (33, 33, 64), (34, 34, 192), (35, 39, 255), (40, 40, 207), (41, 41, 111), (42, 42, 47), (43, 86, 0)]
combined case=arc_quarter_w3_a180 y=32 res=Changed ranges=[(16, 30, 0), (31, 31, 16), (32, 32, 160), (33, 36, 255), (37, 37, 239), (38, 38, 159), (39, 39, 47), (40, 86, 0)]
combined case=arc_quarter_w3_a180 y=33 res=Changed ranges=[(16, 29, 0), (30, 30, 64), (31, 31, 240), (32, 34, 255), (35, 35, 239), (36, 36, 127), (37, 37, 15), (38, 86, 0)]
combined case=arc_quarter_w3_a180 y=34 res=Changed ranges=[(16, 28, 0), (29, 29, 128), (30, 33, 255), (34, 34, 175), (35, 35, 31), (36, 86, 0)]
combined case=arc_quarter_w3_a180 y=35 res=Changed ranges=[(16, 26, 0), (27, 27, 16), (28, 28, 176), (29, 31, 255), (32, 32, 239), (33, 33, 63), (34, 86, 0)]
combined case=arc_quarter_w3_a180 y=36 res=Changed ranges=[(16, 26, 0), (27, 27, 208), (28, 30, 255), (31, 31, 191), (32, 32, 15), (33, 86, 0)]
combined case=arc_quarter_w3_a180 y=37 res=Changed ranges=[(16, 25, 0), (26, 26, 208), (27, 29, 255), (30, 30, 143), (31, 86, 0)]
combined case=arc_quarter_w3_a180 y=38 res=Changed ranges=[(16, 23, 0), (24, 24, 16), (25, 25, 208), (26, 28, 255), (29, 29, 95), (30, 86, 0)]
combined case=arc_quarter_w3_a180 y=39 res=Changed ranges=[(16, 23, 0), (24, 24, 176), (25, 27, 255), (28, 28, 95), (29, 86, 0)]
combined case=arc_quarter_w3_a180 y=40 res=Changed ranges=[(16, 22, 0), (23, 23, 128), (24, 26, 255), (27, 27, 95), (28, 86, 0)]
combined case=arc_quarter_w3_a180 y=41 res=Changed ranges=[(16, 21, 0), (22, 22, 64), (23, 25, 255), (26, 26, 143), (27, 86, 0)]
combined case=arc_quarter_w3_a180 y=42 res=Changed ranges=[(16, 20, 0), (21, 21, 16), (22, 22, 240), (23, 24, 255), (25, 25, 191), (26, 86, 0)]
combined case=arc_quarter_w3_a180 y=43 res=Changed ranges=[(16, 20, 0), (21, 21, 160), (22, 23, 255), (24, 24, 239), (25, 25, 15), (26, 86, 0)]
combined case=arc_quarter_w3_a180 y=44 res=Changed ranges=[(16, 19, 0), (20, 20, 64), (21, 23, 255), (24, 24, 63), (25, 86, 0)]
combined case=arc_quarter_w3_a180 y=45 res=Changed ranges=[(16, 19, 0), (20, 20, 192), (21, 22, 255), (23, 23, 175), (24, 86, 0)]
combined case=arc_quarter_w3_a180 y=46 res=Changed ranges=[(16, 18, 0), (19, 19, 96), (20, 21, 255), (22, 22, 239), (23, 23, 31), (24, 86, 0)]
combined case=arc_quarter_w3_a180 y=47 res=Changed ranges=[(16, 18, 0), (19, 19, 192), (20, 21, 255), (22, 22, 127), (23, 86, 0)]
combined case=arc_quarter_w3_a180 y=48 res=Changed ranges=[(16, 17, 0), (18, 18, 64), (19, 20, 255), (21, 21, 239), (22, 22, 15), (23, 86, 0)]
combined case=arc_quarter_w3_a180 y=49 res=Changed ranges=[(16, 17, 0), (18, 18, 160), (19, 20, 255), (21, 21, 159), (22, 86, 0)]
combined case=arc_quarter_w3_a180 y=50 res=Changed ranges=[(16, 16, 0), (17, 17, 16), (18, 20, 255), (21, 21, 47), (22, 86, 0)]
combined case=arc_quarter_w3_a180 y=51 res=Changed ranges=[(16, 16, 0), (17, 17, 96), (18, 19, 255), (20, 20, 207), (21, 86, 0)]
combined case=arc_quarter_w3_a180 y=52 res=Changed ranges=[(16, 16, 0), (17, 17, 160), (18, 19, 255), (20, 20, 111), (21, 86, 0)]
combined case=arc_quarter_w3_a180 y=53 res=Changed ranges=[(16, 16, 0), (17, 17, 240), (18, 19, 255), (20, 20, 47), (21, 86, 0)]
combined case=arc_quarter_w3_a180 y=54 res=Changed ranges=[(16, 16, 48), (17, 18, 255), (19, 19, 239), (20, 86, 0)]
combined case=arc_quarter_w3_a180 y=55 res=Changed ranges=[(16, 16, 96), (17, 18, 255), (19, 19, 175), (20, 86, 0)]
combined case=arc_quarter_w3_a180 y=56 res=Changed ranges=[(16, 16, 128), (17, 18, 255), (19, 19, 127), (20, 86, 0)]
combined case=arc_quarter_w3_a180 y=57 res=Changed ranges=[(16, 16, 192), (17, 18, 255), (19, 19, 79), (20, 86, 0)]
combined case=arc_quarter_w3_a180 y=58 res=Changed ranges=[(16, 16, 192), (17, 18, 255), (19, 19, 63), (20, 86, 0)]
combined case=arc_quarter_w3_a180 y=59 res=Changed ranges=[(16, 16, 240), (17, 18, 255), (19, 19, 15), (20, 86, 0)]
combined case=arc_quarter_w3_a180 y=60 res=Changed ranges=[(16, 18, 255), (19, 86, 0)]
combined case=arc_quarter_w3_a180 y=61 res=Changed ranges=[(16, 18, 255), (19, 86, 0)]
combined case=arc_quarter_w3_a180 y=62 res=Transparent ranges=[(16, 86, 0)]
combined case=arc_quarter_w3_a180 y=63 res=Transparent ranges=[(16, 86, 0)]
combined case=arc_quarter_w3_a180 y=64 res=Transparent ranges=[(16, 86, 0)]
combined case=arc_quarter_w3_a180 y=65 res=Transparent ranges=[(16, 86, 0)]
combined case=arc_quarter_w3_a180 y=66 res=Transparent ranges=[(16, 86, 0)]
combined case=arc_quarter_w3_a180 y=67 res=Transparent ranges=[(16, 86, 0)]
combined case=arc_quarter_w3_a180 y=68 res=Transparent ranges=[(16, 86, 0)]
combined case=arc_quarter_w3_a180 y=69 res=Transparent ranges=[(16, 86, 0)]
combined case=arc_quarter_w3_a180 y=70 res=Transparent ranges=[(16, 86, 0)]
combined case=arc_quarter_w3_a180 y=71 res=Transparent ranges=[(16, 86, 0)]
combined case=arc_quarter_w3_a180 y=72 res=Transparent ranges=[(16, 86, 0)]
combined case=arc_quarter_w3_a180 y=73 res=Transparent ranges=[(16, 86, 0)]
combined case=arc_quarter_w3_a180 y=74 res=Transparent ranges=[(16, 86, 0)]
combined case=arc_quarter_w3_a180 y=75 res=Transparent ranges=[(16, 86, 0)]
combined case=arc_quarter_w3_a180 y=76 res=Transparent ranges=[(16, 86, 0)]
combined case=arc_quarter_w3_a180 y=77 res=Transparent ranges=[(16, 86, 0)]
combined case=arc_quarter_w3_a180 y=78 res=Transparent ranges=[(16, 86, 0)]
combined case=arc_quarter_w3_a180 y=79 res=Transparent ranges=[(16, 86, 0)]
combined case=arc_quarter_w3_a180 y=80 res=Transparent ranges=[(16, 86, 0)]
combined case=arc_quarter_w3_a180 y=81 res=Transparent ranges=[(16, 86, 0)]
combined case=arc_quarter_w3_a180 y=82 res=Transparent ranges=[(16, 86, 0)]
combined case=arc_quarter_w3_a180 y=83 res=Transparent ranges=[(16, 86, 0)]
combined case=arc_quarter_w3_a180 y=84 res=Transparent ranges=[(16, 86, 0)]
combined case=arc_quarter_w3_a180 y=85 res=Transparent ranges=[(16, 86, 0)]
combined case=arc_quarter_w3_a180 y=86 res=Transparent ranges=[(16, 86, 0)]
combined case=arc_quarter_w3_a180 y=87 res=Transparent ranges=[(16, 86, 0)]
combined case=arc_quarter_w3_a180 y=88 res=Transparent ranges=[(16, 86, 0)]
combined case=arc_quarter_w3_a180 y=89 res=Transparent ranges=[(16, 86, 0)]
combined case=arc_quarter_w3_a180 y=90 res=Transparent ranges=[(16, 86, 0)]
combined case=arc_quarter_w3_a180 y=91 res=Transparent ranges=[(16, 86, 0)]
combined case=arc_quarter_w3_a180 y=92 res=Transparent ranges=[(16, 86, 0)]
combined case=arc_quarter_w3_a180 y=93 res=Transparent ranges=[(16, 86, 0)]
combined case=arc_quarter_w3_a180 y=94 res=Transparent ranges=[(16, 86, 0)]
combined case=arc_quarter_w3_a180 y=95 res=Transparent ranges=[(16, 86, 0)]
combined case=arc_quarter_w3_a180 y=96 res=Transparent ranges=[(16, 86, 0)]
combined case=arc_quarter_w3_a180 y=97 res=Transparent ranges=[(16, 86, 0)]

case=arc_quarter_w3_a270 start=270 end=360 width=3
combined case=arc_quarter_w3_a270 y=27 res=Changed ranges=[(16, 50, 0), (51, 53, 255), (54, 54, 240), (55, 56, 192), (57, 57, 128), (58, 58, 96), (59, 59, 48), (60, 86, 0)]
combined case=arc_quarter_w3_a270 y=28 res=Changed ranges=[(16, 50, 0), (51, 59, 255), (60, 60, 240), (61, 61, 160), (62, 62, 96), (63, 63, 16), (64, 86, 0)]
combined case=arc_quarter_w3_a270 y=29 res=Changed ranges=[(16, 50, 0), (51, 63, 255), (64, 64, 160), (65, 65, 64), (66, 86, 0)]
combined case=arc_quarter_w3_a270 y=30 res=Changed ranges=[(16, 53, 0), (54, 54, 15), (55, 55, 63), (56, 56, 79), (57, 57, 127), (58, 58, 175), (59, 59, 239), (60, 65, 255), (66, 66, 192), (67, 67, 96), (68, 86, 0)]
combined case=arc_quarter_w3_a270 y=31 res=Changed ranges=[(16, 59, 0), (60, 60, 47), (61, 61, 111), (62, 62, 207), (63, 67, 255), (68, 68, 192), (69, 69, 64), (70, 86, 0)]
combined case=arc_quarter_w3_a270 y=32 res=Changed ranges=[(16, 62, 0), (63, 63, 47), (64, 64, 159), (65, 65, 239), (66, 69, 255), (70, 70, 160), (71, 71, 16), (72, 86, 0)]
combined case=arc_quarter_w3_a270 y=33 res=Changed ranges=[(16, 64, 0), (65, 65, 15), (66, 66, 127), (67, 67, 239), (68, 70, 255), (71, 71, 240), (72, 72, 64), (73, 86, 0)]
combined case=arc_quarter_w3_a270 y=34 res=Changed ranges=[(16, 66, 0), (67, 67, 31), (68, 68, 175), (69, 72, 255), (73, 73, 128), (74, 86, 0)]
combined case=arc_quarter_w3_a270 y=35 res=Changed ranges=[(16, 68, 0), (69, 69, 63), (70, 70, 239), (71, 73, 255), (74, 74, 176), (75, 75, 16), (76, 86, 0)]
combined case=arc_quarter_w3_a270 y=36 res=Changed ranges=[(16, 69, 0), (70, 70, 15), (71, 71, 191), (72, 74, 255), (75, 75, 208), (76, 86, 0)]
combined case=arc_quarter_w3_a270 y=37 res=Changed ranges=[(16, 71, 0), (72, 72, 143), (73, 75, 255), (76, 76, 208), (77, 86, 0)]
combined case=arc_quarter_w3_a270 y=38 res=Changed ranges=[(16, 72, 0), (73, 73, 95), (74, 76, 255), (77, 77, 208), (78, 78, 16), (79, 86, 0)]
combined case=arc_quarter_w3_a270 y=39 res=Changed ranges=[(16, 73, 0), (74, 74, 95), (75, 77, 255), (78, 78, 176), (79, 86, 0)]
combined case=arc_quarter_w3_a270 y=40 res=Changed ranges=[(16, 74, 0), (75, 75, 95), (76, 78, 255), (79, 79, 128), (80, 86, 0)]
combined case=arc_quarter_w3_a270 y=41 res=Changed ranges=[(16, 75, 0), (76, 76, 143), (77, 79, 255), (80, 80, 64), (81, 86, 0)]
combined case=arc_quarter_w3_a270 y=42 res=Changed ranges=[(16, 76, 0), (77, 77, 191), (78, 79, 255), (80, 80, 240), (81, 81, 16), (82, 86, 0)]
combined case=arc_quarter_w3_a270 y=43 res=Changed ranges=[(16, 76, 0), (77, 77, 15), (78, 78, 239), (79, 80, 255), (81, 81, 160), (82, 86, 0)]
combined case=arc_quarter_w3_a270 y=44 res=Changed ranges=[(16, 77, 0), (78, 78, 63), (79, 81, 255), (82, 82, 64), (83, 86, 0)]
combined case=arc_quarter_w3_a270 y=45 res=Changed ranges=[(16, 78, 0), (79, 79, 175), (80, 81, 255), (82, 82, 192), (83, 86, 0)]
combined case=arc_quarter_w3_a270 y=46 res=Changed ranges=[(16, 78, 0), (79, 79, 31), (80, 80, 239), (81, 82, 255), (83, 83, 96), (84, 86, 0)]
combined case=arc_quarter_w3_a270 y=47 res=Changed ranges=[(16, 79, 0), (80, 80, 127), (81, 82, 255), (83, 83, 192), (84, 86, 0)]
combined case=arc_quarter_w3_a270 y=48 res=Changed ranges=[(16, 79, 0), (80, 80, 15), (81, 81, 239), (82, 83, 255), (84, 84, 64), (85, 86, 0)]
combined case=arc_quarter_w3_a270 y=49 res=Changed ranges=[(16, 80, 0), (81, 81, 159), (82, 83, 255), (84, 84, 160), (85, 86, 0)]
combined case=arc_quarter_w3_a270 y=50 res=Changed ranges=[(16, 80, 0), (81, 81, 47), (82, 84, 255), (85, 85, 16), (86, 86, 0)]
combined case=arc_quarter_w3_a270 y=51 res=Changed ranges=[(16, 81, 0), (82, 82, 207), (83, 84, 255), (85, 85, 96), (86, 86, 0)]
combined case=arc_quarter_w3_a270 y=52 res=Changed ranges=[(16, 81, 0), (82, 82, 111), (83, 84, 255), (85, 85, 160), (86, 86, 0)]
combined case=arc_quarter_w3_a270 y=53 res=Changed ranges=[(16, 81, 0), (82, 82, 47), (83, 84, 255), (85, 85, 240), (86, 86, 0)]
combined case=arc_quarter_w3_a270 y=54 res=Changed ranges=[(16, 82, 0), (83, 83, 239), (84, 85, 255), (86, 86, 48)]
combined case=arc_quarter_w3_a270 y=55 res=Changed ranges=[(16, 82, 0), (83, 83, 175), (84, 85, 255), (86, 86, 96)]
combined case=arc_quarter_w3_a270 y=56 res=Changed ranges=[(16, 82, 0), (83, 83, 127), (84, 85, 255), (86, 86, 128)]
combined case=arc_quarter_w3_a270 y=57 res=Changed ranges=[(16, 82, 0), (83, 83, 79), (84, 85, 255), (86, 86, 192)]
combined case=arc_quarter_w3_a270 y=58 res=Changed ranges=[(16, 82, 0), (83, 83, 63), (84, 85, 255), (86, 86, 192)]
combined case=arc_quarter_w3_a270 y=59 res=Changed ranges=[(16, 82, 0), (83, 83, 15), (84, 85, 255), (86, 86, 240)]
combined case=arc_quarter_w3_a270 y=60 res=Changed ranges=[(16, 83, 0), (84, 86, 255)]
combined case=arc_quarter_w3_a270 y=61 res=Changed ranges=[(16, 83, 0), (84, 84, 86), (85, 85, 82), (86, 86, 77)]
combined case=arc_quarter_w3_a270 y=62 res=Transparent ranges=[(16, 86, 0)]
combined case=arc_quarter_w3_a270 y=63 res=Transparent ranges=[(16, 86, 0)]
combined case=arc_quarter_w3_a270 y=64 res=Transparent ranges=[(16, 86, 0)]
combined case=arc_quarter_w3_a270 y=65 res=Transparent ranges=[(16, 86, 0)]
combined case=arc_quarter_w3_a270 y=66 res=Transparent ranges=[(16, 86, 0)]
combined case=arc_quarter_w3_a270 y=67 res=Transparent ranges=[(16, 86, 0)]
combined case=arc_quarter_w3_a270 y=68 res=Transparent ranges=[(16, 86, 0)]
combined case=arc_quarter_w3_a270 y=69 res=Transparent ranges=[(16, 86, 0)]
combined case=arc_quarter_w3_a270 y=70 res=Transparent ranges=[(16, 86, 0)]
combined case=arc_quarter_w3_a270 y=71 res=Transparent ranges=[(16, 86, 0)]
combined case=arc_quarter_w3_a270 y=72 res=Transparent ranges=[(16, 86, 0)]
combined case=arc_quarter_w3_a270 y=73 res=Transparent ranges=[(16, 86, 0)]
combined case=arc_quarter_w3_a270 y=74 res=Transparent ranges=[(16, 86, 0)]
combined case=arc_quarter_w3_a270 y=75 res=Transparent ranges=[(16, 86, 0)]
combined case=arc_quarter_w3_a270 y=76 res=Transparent ranges=[(16, 86, 0)]
combined case=arc_quarter_w3_a270 y=77 res=Transparent ranges=[(16, 86, 0)]
combined case=arc_quarter_w3_a270 y=78 res=Transparent ranges=[(16, 86, 0)]
combined case=arc_quarter_w3_a270 y=79 res=Transparent ranges=[(16, 86, 0)]
combined case=arc_quarter_w3_a270 y=80 res=Transparent ranges=[(16, 86, 0)]
combined case=arc_quarter_w3_a270 y=81 res=Transparent ranges=[(16, 86, 0)]
combined case=arc_quarter_w3_a270 y=82 res=Transparent ranges=[(16, 86, 0)]
combined case=arc_quarter_w3_a270 y=83 res=Transparent ranges=[(16, 86, 0)]
combined case=arc_quarter_w3_a270 y=84 res=Transparent ranges=[(16, 86, 0)]
combined case=arc_quarter_w3_a270 y=85 res=Transparent ranges=[(16, 86, 0)]
combined case=arc_quarter_w3_a270 y=86 res=Transparent ranges=[(16, 86, 0)]
combined case=arc_quarter_w3_a270 y=87 res=Transparent ranges=[(16, 86, 0)]
combined case=arc_quarter_w3_a270 y=88 res=Transparent ranges=[(16, 86, 0)]
combined case=arc_quarter_w3_a270 y=89 res=Transparent ranges=[(16, 86, 0)]
combined case=arc_quarter_w3_a270 y=90 res=Transparent ranges=[(16, 86, 0)]
combined case=arc_quarter_w3_a270 y=91 res=Transparent ranges=[(16, 86, 0)]
combined case=arc_quarter_w3_a270 y=92 res=Transparent ranges=[(16, 86, 0)]
combined case=arc_quarter_w3_a270 y=93 res=Transparent ranges=[(16, 86, 0)]
combined case=arc_quarter_w3_a270 y=94 res=Transparent ranges=[(16, 86, 0)]
combined case=arc_quarter_w3_a270 y=95 res=Transparent ranges=[(16, 86, 0)]
combined case=arc_quarter_w3_a270 y=96 res=Transparent ranges=[(16, 86, 0)]
combined case=arc_quarter_w3_a270 y=97 res=Transparent ranges=[(16, 86, 0)]

case=arc_quarter_w8_a0 start=0 end=90 width=8
combined case=arc_quarter_w8_a0 y=27 res=Transparent ranges=[(16, 86, 0)]
combined case=arc_quarter_w8_a0 y=28 res=Transparent ranges=[(16, 86, 0)]
combined case=arc_quarter_w8_a0 y=29 res=Transparent ranges=[(16, 86, 0)]
combined case=arc_quarter_w8_a0 y=30 res=Transparent ranges=[(16, 86, 0)]
combined case=arc_quarter_w8_a0 y=31 res=Transparent ranges=[(16, 86, 0)]
combined case=arc_quarter_w8_a0 y=32 res=Transparent ranges=[(16, 86, 0)]
combined case=arc_quarter_w8_a0 y=33 res=Transparent ranges=[(16, 86, 0)]
combined case=arc_quarter_w8_a0 y=34 res=Transparent ranges=[(16, 86, 0)]
combined case=arc_quarter_w8_a0 y=35 res=Transparent ranges=[(16, 86, 0)]
combined case=arc_quarter_w8_a0 y=36 res=Transparent ranges=[(16, 86, 0)]
combined case=arc_quarter_w8_a0 y=37 res=Transparent ranges=[(16, 86, 0)]
combined case=arc_quarter_w8_a0 y=38 res=Transparent ranges=[(16, 86, 0)]
combined case=arc_quarter_w8_a0 y=39 res=Transparent ranges=[(16, 86, 0)]
combined case=arc_quarter_w8_a0 y=40 res=Transparent ranges=[(16, 86, 0)]
combined case=arc_quarter_w8_a0 y=41 res=Transparent ranges=[(16, 86, 0)]
combined case=arc_quarter_w8_a0 y=42 res=Transparent ranges=[(16, 86, 0)]
combined case=arc_quarter_w8_a0 y=43 res=Transparent ranges=[(16, 86, 0)]
combined case=arc_quarter_w8_a0 y=44 res=Transparent ranges=[(16, 86, 0)]
combined case=arc_quarter_w8_a0 y=45 res=Transparent ranges=[(16, 86, 0)]
combined case=arc_quarter_w8_a0 y=46 res=Transparent ranges=[(16, 86, 0)]
combined case=arc_quarter_w8_a0 y=47 res=Transparent ranges=[(16, 86, 0)]
combined case=arc_quarter_w8_a0 y=48 res=Transparent ranges=[(16, 86, 0)]
combined case=arc_quarter_w8_a0 y=49 res=Transparent ranges=[(16, 86, 0)]
combined case=arc_quarter_w8_a0 y=50 res=Transparent ranges=[(16, 86, 0)]
combined case=arc_quarter_w8_a0 y=51 res=Transparent ranges=[(16, 86, 0)]
combined case=arc_quarter_w8_a0 y=52 res=Transparent ranges=[(16, 86, 0)]
combined case=arc_quarter_w8_a0 y=53 res=Transparent ranges=[(16, 86, 0)]
combined case=arc_quarter_w8_a0 y=54 res=Transparent ranges=[(16, 86, 0)]
combined case=arc_quarter_w8_a0 y=55 res=Transparent ranges=[(16, 86, 0)]
combined case=arc_quarter_w8_a0 y=56 res=Transparent ranges=[(16, 86, 0)]
combined case=arc_quarter_w8_a0 y=57 res=Transparent ranges=[(16, 86, 0)]
combined case=arc_quarter_w8_a0 y=58 res=Transparent ranges=[(16, 86, 0)]
combined case=arc_quarter_w8_a0 y=59 res=Transparent ranges=[(16, 86, 0)]
combined case=arc_quarter_w8_a0 y=60 res=Transparent ranges=[(16, 86, 0)]
combined case=arc_quarter_w8_a0 y=61 res=Transparent ranges=[(16, 86, 0)]
combined case=arc_quarter_w8_a0 y=62 res=Changed ranges=[(16, 78, 0), (79, 86, 255)]
combined case=arc_quarter_w8_a0 y=63 res=Changed ranges=[(16, 78, 0), (79, 86, 255)]
combined case=arc_quarter_w8_a0 y=64 res=Changed ranges=[(16, 78, 0), (79, 86, 255)]
combined case=arc_quarter_w8_a0 y=65 res=Changed ranges=[(16, 77, 0), (78, 78, 31), (79, 85, 255), (86, 86, 240)]
combined case=arc_quarter_w8_a0 y=66 res=Changed ranges=[(16, 77, 0), (78, 78, 63), (79, 85, 255), (86, 86, 192)]
combined case=arc_quarter_w8_a0 y=67 res=Changed ranges=[(16, 77, 0), (78, 78, 111), (79, 85, 255), (86, 86, 192)]
combined case=arc_quarter_w8_a0 y=68 res=Changed ranges=[(16, 77, 0), (78, 78, 143), (79, 85, 255), (86, 86, 128)]
combined case=arc_quarter_w8_a0 y=69 res=Changed ranges=[(16, 77, 0), (78, 78, 207), (79, 85, 255), (86, 86, 96)]
combined case=arc_quarter_w8_a0 y=70 res=Changed ranges=[(16, 76, 0), (77, 77, 31), (78, 85, 255), (86, 86, 48)]
combined case=arc_quarter_w8_a0 y=71 res=Changed ranges=[(16, 76, 0), (77, 77, 95), (78, 84, 255), (85, 85, 240), (86, 86, 0)]
combined case=arc_quarter_w8_a0 y=72 res=Changed ranges=[(16, 76, 0), (77, 77, 207), (78, 84, 255), (85, 85, 160), (86, 86, 0)]
combined case=arc_quarter_w8_a0 y=73 res=Changed ranges=[(16, 75, 0), (76, 76, 31), (77, 84, 255), (85, 85, 96), (86, 86, 0)]
combined case=arc_quarter_w8_a0 y=74 res=Changed ranges=[(16, 75, 0), (76, 76, 159), (77, 84, 255), (85, 85, 16), (86, 86, 0)]
combined case=arc_quarter_w8_a0 y=75 res=Changed ranges=[(16, 74, 0), (75, 75, 31), (76, 83, 255), (84, 84, 160), (85, 86, 0)]
combined case=arc_quarter_w8_a0 y=76 res=Changed ranges=[(16, 74, 0), (75, 75, 175), (76, 83, 255), (84, 84, 64), (85, 86, 0)]
combined case=arc_quarter_w8_a0 y=77 res=Changed ranges=[(16, 73, 0), (74, 74, 79), (75, 82, 255), (83, 83, 192), (84, 86, 0)]
combined case=arc_quarter_w8_a0 y=78 res=Changed ranges=[(16, 72, 0), (73, 73, 15), (74, 74, 239), (75, 82, 255), (83, 83, 96), (84, 86, 0)]
combined case=arc_quarter_w8_a0 y=79 res=Changed ranges=[(16, 72, 0), (73, 73, 191), (74, 81, 255), (82, 82, 192), (83, 86, 0)]
combined case=arc_quarter_w8_a0 y=80 res=Changed ranges=[(16, 71, 0), (72, 72, 143), (73, 81, 255), (82, 82, 64), (83, 86, 0)]
combined case=arc_quarter_w8_a0 y=81 res=Changed ranges=[(16, 70, 0), (71, 71, 95), (72, 80, 255), (81, 81, 160), (82, 86, 0)]
combined case=arc_quarter_w8_a0 y=82 res=Changed ranges=[(16, 69, 0), (70, 70, 95), (71, 79, 255), (80, 80, 240), (81, 81, 16), (82, 86, 0)]
combined case=arc_quarter_w8_a0 y=83 res=Changed ranges=[(16, 68, 0), (69, 69, 143), (70, 79, 255), (80, 80, 64), (81, 86, 0)]
combined case=arc_quarter_w8_a0 y=84 res=Changed ranges=[(16, 66, 0), (67, 67, 15), (68, 68, 191), (69, 78, 255), (79, 79, 128), (80, 86, 0)]
combined case=arc_quarter_w8_a0 y=85 res=Changed ranges=[(16, 65, 0), (66, 66, 79), (67, 67, 239), (68, 77, 255), (78, 78, 176), (79, 86, 0)]
combined case=arc_quarter_w8_a0 y=86 res=Changed ranges=[(16, 63, 0), (64, 64, 31), (65, 65, 175), (66, 76, 255), (77, 77, 208), (78, 78, 16), (79, 86, 0)]
combined case=arc_quarter_w8_a0 y=87 res=Changed ranges=[(16, 61, 0), (62, 62, 31), (63, 63, 159), (64, 75, 255), (76, 76, 208), (77, 86, 0)]
combined case=arc_quarter_w8_a0 y=88 res=Changed ranges=[(16, 58, 0), (59, 59, 31), (60, 60, 95), (61, 61, 207), (62, 74, 255), (75, 75, 208), (76, 86, 0)]
combined case=arc_quarter_w8_a0 y=89 res=Changed ranges=[(16, 53, 0), (54, 54, 31), (55, 55, 63), (56, 56, 111), (57, 57, 143), (58, 58, 207), (59, 73, 255), (74, 74, 176), (75, 75, 16), (76, 86, 0)]
combined case=arc_quarter_w8_a0 y=90 res=Changed ranges=[(16, 50, 0), (51, 72, 255), (73, 73, 128), (74, 86, 0)]
combined case=arc_quarter_w8_a0 y=91 res=Changed ranges=[(16, 50, 0), (51, 70, 255), (71, 71, 240), (72, 72, 64), (73, 86, 0)]
combined case=arc_quarter_w8_a0 y=92 res=Changed ranges=[(16, 50, 0), (51, 69, 255), (70, 70, 160), (71, 71, 16), (72, 86, 0)]
combined case=arc_quarter_w8_a0 y=93 res=Changed ranges=[(16, 50, 0), (51, 67, 255), (68, 68, 192), (69, 69, 64), (70, 86, 0)]
combined case=arc_quarter_w8_a0 y=94 res=Changed ranges=[(16, 50, 0), (51, 65, 255), (66, 66, 192), (67, 67, 96), (68, 86, 0)]
combined case=arc_quarter_w8_a0 y=95 res=Changed ranges=[(16, 50, 0), (51, 63, 255), (64, 64, 160), (65, 65, 64), (66, 86, 0)]
combined case=arc_quarter_w8_a0 y=96 res=Changed ranges=[(16, 50, 0), (51, 59, 255), (60, 60, 240), (61, 61, 160), (62, 62, 96), (63, 63, 16), (64, 86, 0)]
combined case=arc_quarter_w8_a0 y=97 res=Changed ranges=[(16, 50, 0), (51, 53, 255), (54, 54, 240), (55, 56, 192), (57, 57, 128), (58, 58, 96), (59, 59, 48), (60, 86, 0)]

case=arc_quarter_w8_a90 start=90 end=180 width=8
combined case=arc_quarter_w8_a90 y=27 res=Transparent ranges=[(16, 86, 0)]
combined case=arc_quarter_w8_a90 y=28 res=Transparent ranges=[(16, 86, 0)]
combined case=arc_quarter_w8_a90 y=29 res=Transparent ranges=[(16, 86, 0)]
combined case=arc_quarter_w8_a90 y=30 res=Transparent ranges=[(16, 86, 0)]
combined case=arc_quarter_w8_a90 y=31 res=Transparent ranges=[(16, 86, 0)]
combined case=arc_quarter_w8_a90 y=32 res=Transparent ranges=[(16, 86, 0)]
combined case=arc_quarter_w8_a90 y=33 res=Transparent ranges=[(16, 86, 0)]
combined case=arc_quarter_w8_a90 y=34 res=Transparent ranges=[(16, 86, 0)]
combined case=arc_quarter_w8_a90 y=35 res=Transparent ranges=[(16, 86, 0)]
combined case=arc_quarter_w8_a90 y=36 res=Transparent ranges=[(16, 86, 0)]
combined case=arc_quarter_w8_a90 y=37 res=Transparent ranges=[(16, 86, 0)]
combined case=arc_quarter_w8_a90 y=38 res=Transparent ranges=[(16, 86, 0)]
combined case=arc_quarter_w8_a90 y=39 res=Transparent ranges=[(16, 86, 0)]
combined case=arc_quarter_w8_a90 y=40 res=Transparent ranges=[(16, 86, 0)]
combined case=arc_quarter_w8_a90 y=41 res=Transparent ranges=[(16, 86, 0)]
combined case=arc_quarter_w8_a90 y=42 res=Transparent ranges=[(16, 86, 0)]
combined case=arc_quarter_w8_a90 y=43 res=Transparent ranges=[(16, 86, 0)]
combined case=arc_quarter_w8_a90 y=44 res=Transparent ranges=[(16, 86, 0)]
combined case=arc_quarter_w8_a90 y=45 res=Transparent ranges=[(16, 86, 0)]
combined case=arc_quarter_w8_a90 y=46 res=Transparent ranges=[(16, 86, 0)]
combined case=arc_quarter_w8_a90 y=47 res=Transparent ranges=[(16, 86, 0)]
combined case=arc_quarter_w8_a90 y=48 res=Transparent ranges=[(16, 86, 0)]
combined case=arc_quarter_w8_a90 y=49 res=Transparent ranges=[(16, 86, 0)]
combined case=arc_quarter_w8_a90 y=50 res=Transparent ranges=[(16, 86, 0)]
combined case=arc_quarter_w8_a90 y=51 res=Transparent ranges=[(16, 86, 0)]
combined case=arc_quarter_w8_a90 y=52 res=Transparent ranges=[(16, 86, 0)]
combined case=arc_quarter_w8_a90 y=53 res=Transparent ranges=[(16, 86, 0)]
combined case=arc_quarter_w8_a90 y=54 res=Transparent ranges=[(16, 86, 0)]
combined case=arc_quarter_w8_a90 y=55 res=Transparent ranges=[(16, 86, 0)]
combined case=arc_quarter_w8_a90 y=56 res=Transparent ranges=[(16, 86, 0)]
combined case=arc_quarter_w8_a90 y=57 res=Transparent ranges=[(16, 86, 0)]
combined case=arc_quarter_w8_a90 y=58 res=Transparent ranges=[(16, 86, 0)]
combined case=arc_quarter_w8_a90 y=59 res=Transparent ranges=[(16, 86, 0)]
combined case=arc_quarter_w8_a90 y=60 res=Transparent ranges=[(16, 86, 0)]
combined case=arc_quarter_w8_a90 y=61 res=Transparent ranges=[(16, 86, 0)]
combined case=arc_quarter_w8_a90 y=62 res=Changed ranges=[(16, 23, 255), (24, 86, 0)]
combined case=arc_quarter_w8_a90 y=63 res=Changed ranges=[(16, 23, 255), (24, 86, 0)]
combined case=arc_quarter_w8_a90 y=64 res=Changed ranges=[(16, 23, 255), (24, 86, 0)]
combined case=arc_quarter_w8_a90 y=65 res=Changed ranges=[(16, 16, 240), (17, 23, 255), (24, 24, 31), (25, 86, 0)]
combined case=arc_quarter_w8_a90 y=66 res=Changed ranges=[(16, 16, 192), (17, 23, 255), (24, 24, 63), (25, 86, 0)]
combined case=arc_quarter_w8_a90 y=67 res=Changed ranges=[(16, 16, 192), (17, 23, 255), (24, 24, 111), (25, 86, 0)]
combined case=arc_quarter_w8_a90 y=68 res=Changed ranges=[(16, 16, 128), (17, 23, 255), (24, 24, 143), (25, 86, 0)]
combined case=arc_quarter_w8_a90 y=69 res=Changed ranges=[(16, 16, 96), (17, 23, 255), (24, 24, 207), (25, 86, 0)]
combined case=arc_quarter_w8_a90 y=70 res=Changed ranges=[(16, 16, 48), (17, 24, 255), (25, 25, 31), (26, 86, 0)]
combined case=arc_quarter_w8_a90 y=71 res=Changed ranges=[(16, 16, 0), (17, 17, 240), (18, 24, 255), (25, 25, 95), (26, 86, 0)]
combined case=arc_quarter_w8_a90 y=72 res=Changed ranges=[(16, 16, 0), (17, 17, 160), (18, 24, 255), (25, 25, 207), (26, 86, 0)]
combined case=arc_quarter_w8_a90 y=73 res=Changed ranges=[(16, 16, 0), (17, 17, 96), (18, 25, 255), (26, 26, 31), (27, 86, 0)]
combined case=arc_quarter_w8_a90 y=74 res=Changed ranges=[(16, 16, 0), (17, 17, 16), (18, 25, 255), (26, 26, 159), (27, 86, 0)]
combined case=arc_quarter_w8_a90 y=75 res=Changed ranges=[(16, 17, 0), (18, 18, 160), (19, 26, 255), (27, 27, 31), (28, 86, 0)]
combined case=arc_quarter_w8_a90 y=76 res=Changed ranges=[(16, 17, 0), (18, 18, 64), (19, 26, 255), (27, 27, 175), (28, 86, 0)]
combined case=arc_quarter_w8_a90 y=77 res=Changed ranges=[(16, 18, 0), (19, 19, 192), (20, 27, 255), (28, 28, 79), (29, 86, 0)]
combined case=arc_quarter_w8_a90 y=78 res=Changed ranges=[(16, 18, 0), (19, 19, 96), (20, 27, 255), (28, 28, 239), (29, 29, 15), (30, 86, 0)]
combined case=arc_quarter_w8_a90 y=79 res=Changed ranges=[(16, 19, 0), (20, 20, 192), (21, 28, 255), (29, 29, 191), (30, 86, 0)]
combined case=arc_quarter_w8_a90 y=80 res=Changed ranges=[(16, 19, 0), (20, 20, 64), (21, 29, 255), (30, 30, 143), (31, 86, 0)]
combined case=arc_quarter_w8_a90 y=81 res=Changed ranges=[(16, 20, 0), (21, 21, 160), (22, 30, 255), (31, 31, 95), (32, 86, 0)]
combined case=arc_quarter_w8_a90 y=82 res=Changed ranges=[(16, 20, 0), (21, 21, 16), (22, 22, 240), (23, 31, 255), (32, 32, 95), (33, 86, 0)]
combined case=arc_quarter_w8_a90 y=83 res=Changed ranges=[(16, 21, 0), (22, 22, 64), (23, 32, 255), (33, 33, 143), (34, 86, 0)]
combined case=arc_quarter_w8_a90 y=84 res=Changed ranges=[(16, 22, 0), (23, 23, 128), (24, 33, 255), (34, 34, 191), (35, 35, 15), (36, 86, 0)]
combined case=arc_quarter_w8_a90 y=85 res=Changed ranges=[(16, 23, 0), (24, 24, 176), (25, 34, 255), (35, 35, 239), (36, 36, 79), (37, 86, 0)]
combined case=arc_quarter_w8_a90 y=86 res=Changed ranges=[(16, 23, 0), (24, 24, 16), (25, 25, 208), (26, 36, 255), (37, 37, 175), (38, 38, 31), (39, 86, 0)]
combined case=arc_quarter_w8_a90 y=87 res=Changed ranges=[(16, 25, 0), (26, 26, 208), (27, 38, 255), (39, 39, 159), (40, 40, 31), (41, 86, 0)]
combined case=arc_quarter_w8_a90 y=88 res=Changed ranges=[(16, 26, 0), (27, 27, 208), (28, 40, 255), (41, 41, 207), (42, 42, 95), (43, 43, 31), (44, 86, 0)]
combined case=arc_quarter_w8_a90 y=89 res=Changed ranges=[(16, 26, 0), (27, 27, 16), (28, 28, 176), (29, 43, 255), (44, 44, 207), (45, 45, 143), (46, 46, 111), (47, 47, 63), (48, 48, 31), (49, 86, 0)]
combined case=arc_quarter_w8_a90 y=90 res=Changed ranges=[(16, 28, 0), (29, 29, 128), (30, 50, 255), (51, 86, 0)]
combined case=arc_quarter_w8_a90 y=91 res=Changed ranges=[(16, 29, 0), (30, 30, 64), (31, 31, 240), (32, 50, 255), (51, 86, 0)]
combined case=arc_quarter_w8_a90 y=92 res=Changed ranges=[(16, 30, 0), (31, 31, 16), (32, 32, 160), (33, 50, 255), (51, 86, 0)]
combined case=arc_quarter_w8_a90 y=93 res=Changed ranges=[(16, 32, 0), (33, 33, 64), (34, 34, 192), (35, 50, 255), (51, 86, 0)]
combined case=arc_quarter_w8_a90 y=94 res=Changed ranges=[(16, 34, 0), (35, 35, 96), (36, 36, 192), (37, 50, 255), (51, 86, 0)]
combined case=arc_quarter_w8_a90 y=95 res=Changed ranges=[(16, 36, 0), (37, 37, 64), (38, 38, 160), (39, 50, 255), (51, 86, 0)]
combined case=arc_quarter_w8_a90 y=96 res=Changed ranges=[(16, 38, 0), (39, 39, 16), (40, 40, 96), (41, 41, 160), (42, 42, 240), (43, 50, 255), (51, 86, 0)]
combined case=arc_quarter_w8_a90 y=97 res=Changed ranges=[(16, 42, 0), (43, 43, 48), (44, 44, 96), (45, 45, 128), (46, 47, 192), (48, 48, 240), (49, 50, 255), (51, 86, 0)]

case=arc_quarter_w8_a180 start=180 end=270 width=8
combined case=arc_quarter_w8_a180 y=27 res=Changed ranges=[(16, 42, 0), (43, 43, 48), (44, 44, 96), (45, 45, 128), (46, 47, 192), (48, 48, 240), (49, 50, 255), (51, 86, 0)]
combined case=arc_quarter_w8_a180 y=28 res=Changed ranges=[(16, 38, 0), (39, 39, 16), (40, 40, 96), (41, 41, 160), (42, 42, 240), (43, 50, 255), (51, 86, 0)]
combined case=arc_quarter_w8_a180 y=29 res=Changed ranges=[(16, 36, 0), (37, 37, 64), (38, 38, 160), (39, 50, 255), (51, 86, 0)]
combined case=arc_quarter_w8_a180 y=30 res=Changed ranges=[(16, 34, 0), (35, 35, 96), (36, 36, 192), (37, 50, 255), (51, 86, 0)]
combined case=arc_quarter_w8_a180 y=31 res=Changed ranges=[(16, 32, 0), (33, 33, 64), (34, 34, 192), (35, 50, 255), (51, 86, 0)]
combined case=arc_quarter_w8_a180 y=32 res=Changed ranges=[(16, 30, 0), (31, 31, 16), (32, 32, 160), (33, 50, 255), (51, 86, 0)]
combined case=arc_quarter_w8_a180 y=33 res=Changed ranges=[(16, 29, 0), (30, 30, 64), (31, 31, 240), (32, 50, 255), (51, 86, 0)]
combined case=arc_quarter_w8_a180 y=34 res=Changed ranges=[(16, 28, 0), (29, 29, 128), (30, 50, 255), (51, 86, 0)]
combined case=arc_quarter_w8_a180 y=35 res=Changed ranges=[(16, 26, 0), (27, 27, 16), (28, 28, 176), (29, 43, 255), (44, 44, 207), (45, 45, 143), (46, 46, 111), (47, 47, 63), (48, 48, 31), (49, 86, 0)]
combined case=arc_quarter_w8_a180 y=36 res=Changed ranges=[(16, 26, 0), (27, 27, 208), (28, 40, 255), (41, 41, 207), (42, 42, 95), (43, 43, 31), (44, 86, 0)]
combined case=arc_quarter_w8_a180 y=37 res=Changed ranges=[(16, 25, 0), (26, 26, 208), (27, 38, 255), (39, 39, 159), (40, 40, 31), (41, 86, 0)]
combined case=arc_quarter_w8_a180 y=38 res=Changed ranges=[(16, 23, 0), (24, 24, 16), (25, 25, 208), (26, 36, 255), (37, 37, 175), (38, 38, 31), (39, 86, 0)]
combined case=arc_quarter_w8_a180 y=39 res=Changed ranges=[(16, 23, 0), (24, 24, 176), (25, 34, 255), (35, 35, 239), (36, 36, 79), (37, 86, 0)]
combined case=arc_quarter_w8_a180 y=40 res=Changed ranges=[(16, 22, 0), (23, 23, 128), (24, 33, 255), (34, 34, 191), (35, 35, 15), (36, 86, 0)]
combined case=arc_quarter_w8_a180 y=41 res=Changed ranges=[(16, 21, 0), (22, 22, 64), (23, 32, 255), (33, 33, 143), (34, 86, 0)]
combined case=arc_quarter_w8_a180 y=42 res=Changed ranges=[(16, 20, 0), (21, 21, 16), (22, 22, 240), (23, 31, 255), (32, 32, 95), (33, 86, 0)]
combined case=arc_quarter_w8_a180 y=43 res=Changed ranges=[(16, 20, 0), (21, 21, 160), (22, 30, 255), (31, 31, 95), (32, 86, 0)]
combined case=arc_quarter_w8_a180 y=44 res=Changed ranges=[(16, 19, 0), (20, 20, 64), (21, 29, 255), (30, 30, 143), (31, 86, 0)]
combined case=arc_quarter_w8_a180 y=45 res=Changed ranges=[(16, 19, 0), (20, 20, 192), (21, 28, 255), (29, 29, 191), (30, 86, 0)]
combined case=arc_quarter_w8_a180 y=46 res=Changed ranges=[(16, 18, 0), (19, 19, 96), (20, 27, 255), (28, 28, 239), (29, 29, 15), (30, 86, 0)]
combined case=arc_quarter_w8_a180 y=47 res=Changed ranges=[(16, 18, 0), (19, 19, 192), (20, 27, 255), (28, 28, 79), (29, 86, 0)]
combined case=arc_quarter_w8_a180 y=48 res=Changed ranges=[(16, 17, 0), (18, 18, 64), (19, 26, 255), (27, 27, 175), (28, 86, 0)]
combined case=arc_quarter_w8_a180 y=49 res=Changed ranges=[(16, 17, 0), (18, 18, 160), (19, 26, 255), (27, 27, 31), (28, 86, 0)]
combined case=arc_quarter_w8_a180 y=50 res=Changed ranges=[(16, 16, 0), (17, 17, 16), (18, 25, 255), (26, 26, 159), (27, 86, 0)]
combined case=arc_quarter_w8_a180 y=51 res=Changed ranges=[(16, 16, 0), (17, 17, 96), (18, 25, 255), (26, 26, 31), (27, 86, 0)]
combined case=arc_quarter_w8_a180 y=52 res=Changed ranges=[(16, 16, 0), (17, 17, 160), (18, 24, 255), (25, 25, 207), (26, 86, 0)]
combined case=arc_quarter_w8_a180 y=53 res=Changed ranges=[(16, 16, 0), (17, 17, 240), (18, 24, 255), (25, 25, 95), (26, 86, 0)]
combined case=arc_quarter_w8_a180 y=54 res=Changed ranges=[(16, 16, 48), (17, 24, 255), (25, 25, 31), (26, 86, 0)]
combined case=arc_quarter_w8_a180 y=55 res=Changed ranges=[(16, 16, 96), (17, 23, 255), (24, 24, 207), (25, 86, 0)]
combined case=arc_quarter_w8_a180 y=56 res=Changed ranges=[(16, 16, 128), (17, 23, 255), (24, 24, 143), (25, 86, 0)]
combined case=arc_quarter_w8_a180 y=57 res=Changed ranges=[(16, 16, 192), (17, 23, 255), (24, 24, 111), (25, 86, 0)]
combined case=arc_quarter_w8_a180 y=58 res=Changed ranges=[(16, 16, 192), (17, 23, 255), (24, 24, 63), (25, 86, 0)]
combined case=arc_quarter_w8_a180 y=59 res=Changed ranges=[(16, 16, 240), (17, 23, 255), (24, 24, 31), (25, 86, 0)]
combined case=arc_quarter_w8_a180 y=60 res=Changed ranges=[(16, 23, 255), (24, 86, 0)]
combined case=arc_quarter_w8_a180 y=61 res=Changed ranges=[(16, 23, 255), (24, 86, 0)]
combined case=arc_quarter_w8_a180 y=62 res=Transparent ranges=[(16, 86, 0)]
combined case=arc_quarter_w8_a180 y=63 res=Transparent ranges=[(16, 86, 0)]
combined case=arc_quarter_w8_a180 y=64 res=Transparent ranges=[(16, 86, 0)]
combined case=arc_quarter_w8_a180 y=65 res=Transparent ranges=[(16, 86, 0)]
combined case=arc_quarter_w8_a180 y=66 res=Transparent ranges=[(16, 86, 0)]
combined case=arc_quarter_w8_a180 y=67 res=Transparent ranges=[(16, 86, 0)]
combined case=arc_quarter_w8_a180 y=68 res=Transparent ranges=[(16, 86, 0)]
combined case=arc_quarter_w8_a180 y=69 res=Transparent ranges=[(16, 86, 0)]
combined case=arc_quarter_w8_a180 y=70 res=Transparent ranges=[(16, 86, 0)]
combined case=arc_quarter_w8_a180 y=71 res=Transparent ranges=[(16, 86, 0)]
combined case=arc_quarter_w8_a180 y=72 res=Transparent ranges=[(16, 86, 0)]
combined case=arc_quarter_w8_a180 y=73 res=Transparent ranges=[(16, 86, 0)]
combined case=arc_quarter_w8_a180 y=74 res=Transparent ranges=[(16, 86, 0)]
combined case=arc_quarter_w8_a180 y=75 res=Transparent ranges=[(16, 86, 0)]
combined case=arc_quarter_w8_a180 y=76 res=Transparent ranges=[(16, 86, 0)]
combined case=arc_quarter_w8_a180 y=77 res=Transparent ranges=[(16, 86, 0)]
combined case=arc_quarter_w8_a180 y=78 res=Transparent ranges=[(16, 86, 0)]
combined case=arc_quarter_w8_a180 y=79 res=Transparent ranges=[(16, 86, 0)]
combined case=arc_quarter_w8_a180 y=80 res=Transparent ranges=[(16, 86, 0)]
combined case=arc_quarter_w8_a180 y=81 res=Transparent ranges=[(16, 86, 0)]
combined case=arc_quarter_w8_a180 y=82 res=Transparent ranges=[(16, 86, 0)]
combined case=arc_quarter_w8_a180 y=83 res=Transparent ranges=[(16, 86, 0)]
combined case=arc_quarter_w8_a180 y=84 res=Transparent ranges=[(16, 86, 0)]
combined case=arc_quarter_w8_a180 y=85 res=Transparent ranges=[(16, 86, 0)]
combined case=arc_quarter_w8_a180 y=86 res=Transparent ranges=[(16, 86, 0)]
combined case=arc_quarter_w8_a180 y=87 res=Transparent ranges=[(16, 86, 0)]
combined case=arc_quarter_w8_a180 y=88 res=Transparent ranges=[(16, 86, 0)]
combined case=arc_quarter_w8_a180 y=89 res=Transparent ranges=[(16, 86, 0)]
combined case=arc_quarter_w8_a180 y=90 res=Transparent ranges=[(16, 86, 0)]
combined case=arc_quarter_w8_a180 y=91 res=Transparent ranges=[(16, 86, 0)]
combined case=arc_quarter_w8_a180 y=92 res=Transparent ranges=[(16, 86, 0)]
combined case=arc_quarter_w8_a180 y=93 res=Transparent ranges=[(16, 86, 0)]
combined case=arc_quarter_w8_a180 y=94 res=Transparent ranges=[(16, 86, 0)]
combined case=arc_quarter_w8_a180 y=95 res=Transparent ranges=[(16, 86, 0)]
combined case=arc_quarter_w8_a180 y=96 res=Transparent ranges=[(16, 86, 0)]
combined case=arc_quarter_w8_a180 y=97 res=Transparent ranges=[(16, 86, 0)]

case=arc_quarter_w8_a270 start=270 end=360 width=8
combined case=arc_quarter_w8_a270 y=27 res=Changed ranges=[(16, 50, 0), (51, 53, 255), (54, 54, 240), (55, 56, 192), (57, 57, 128), (58, 58, 96), (59, 59, 48), (60, 86, 0)]
combined case=arc_quarter_w8_a270 y=28 res=Changed ranges=[(16, 50, 0), (51, 59, 255), (60, 60, 240), (61, 61, 160), (62, 62, 96), (63, 63, 16), (64, 86, 0)]
combined case=arc_quarter_w8_a270 y=29 res=Changed ranges=[(16, 50, 0), (51, 63, 255), (64, 64, 160), (65, 65, 64), (66, 86, 0)]
combined case=arc_quarter_w8_a270 y=30 res=Changed ranges=[(16, 50, 0), (51, 65, 255), (66, 66, 192), (67, 67, 96), (68, 86, 0)]
combined case=arc_quarter_w8_a270 y=31 res=Changed ranges=[(16, 50, 0), (51, 67, 255), (68, 68, 192), (69, 69, 64), (70, 86, 0)]
combined case=arc_quarter_w8_a270 y=32 res=Changed ranges=[(16, 50, 0), (51, 69, 255), (70, 70, 160), (71, 71, 16), (72, 86, 0)]
combined case=arc_quarter_w8_a270 y=33 res=Changed ranges=[(16, 50, 0), (51, 70, 255), (71, 71, 240), (72, 72, 64), (73, 86, 0)]
combined case=arc_quarter_w8_a270 y=34 res=Changed ranges=[(16, 50, 0), (51, 72, 255), (73, 73, 128), (74, 86, 0)]
combined case=arc_quarter_w8_a270 y=35 res=Changed ranges=[(16, 53, 0), (54, 54, 31), (55, 55, 63), (56, 56, 111), (57, 57, 143), (58, 58, 207), (59, 73, 255), (74, 74, 176), (75, 75, 16), (76, 86, 0)]
combined case=arc_quarter_w8_a270 y=36 res=Changed ranges=[(16, 58, 0), (59, 59, 31), (60, 60, 95), (61, 61, 207), (62, 74, 255), (75, 75, 208), (76, 86, 0)]
combined case=arc_quarter_w8_a270 y=37 res=Changed ranges=[(16, 61, 0), (62, 62, 31), (63, 63, 159), (64, 75, 255), (76, 76, 208), (77, 86, 0)]
combined case=arc_quarter_w8_a270 y=38 res=Changed ranges=[(16, 63, 0), (64, 64, 31), (65, 65, 175), (66, 76, 255), (77, 77, 208), (78, 78, 16), (79, 86, 0)]
combined case=arc_quarter_w8_a270 y=39 res=Changed ranges=[(16, 65, 0), (66, 66, 79), (67, 67, 239), (68, 77, 255), (78, 78, 176), (79, 86, 0)]
combined case=arc_quarter_w8_a270 y=40 res=Changed ranges=[(16, 66, 0), (67, 67, 15), (68, 68, 191), (69, 78, 255), (79, 79, 128), (80, 86, 0)]
combined case=arc_quarter_w8_a270 y=41 res=Changed ranges=[(16, 68, 0), (69, 69, 143), (70, 79, 255), (80, 80, 64), (81, 86, 0)]
combined case=arc_quarter_w8_a270 y=42 res=Changed ranges=[(16, 69, 0), (70, 70, 95), (71, 79, 255), (80, 80, 240), (81, 81, 16), (82, 86, 0)]
combined case=arc_quarter_w8_a270 y=43 res=Changed ranges=[(16, 70, 0), (71, 71, 95), (72, 80, 255), (81, 81, 160), (82, 86, 0)]
combined case=arc_quarter_w8_a270 y=44 res=Changed ranges=[(16, 71, 0), (72, 72, 143), (73, 81, 255), (82, 82, 64), (83, 86, 0)]
combined case=arc_quarter_w8_a270 y=45 res=Changed ranges=[(16, 72, 0), (73, 73, 191), (74, 81, 255), (82, 82, 192), (83, 86, 0)]
combined case=arc_quarter_w8_a270 y=46 res=Changed ranges=[(16, 72, 0), (73, 73, 15), (74, 74, 239), (75, 82, 255), (83, 83, 96), (84, 86, 0)]
combined case=arc_quarter_w8_a270 y=47 res=Changed ranges=[(16, 73, 0), (74, 74, 79), (75, 82, 255), (83, 83, 192), (84, 86, 0)]
combined case=arc_quarter_w8_a270 y=48 res=Changed ranges=[(16, 74, 0), (75, 75, 175), (76, 83, 255), (84, 84, 64), (85, 86, 0)]
combined case=arc_quarter_w8_a270 y=49 res=Changed ranges=[(16, 74, 0), (75, 75, 31), (76, 83, 255), (84, 84, 160), (85, 86, 0)]
combined case=arc_quarter_w8_a270 y=50 res=Changed ranges=[(16, 75, 0), (76, 76, 159), (77, 84, 255), (85, 85, 16), (86, 86, 0)]
combined case=arc_quarter_w8_a270 y=51 res=Changed ranges=[(16, 75, 0), (76, 76, 31), (77, 84, 255), (85, 85, 96), (86, 86, 0)]
combined case=arc_quarter_w8_a270 y=52 res=Changed ranges=[(16, 76, 0), (77, 77, 207), (78, 84, 255), (85, 85, 160), (86, 86, 0)]
combined case=arc_quarter_w8_a270 y=53 res=Changed ranges=[(16, 76, 0), (77, 77, 95), (78, 84, 255), (85, 85, 240), (86, 86, 0)]
combined case=arc_quarter_w8_a270 y=54 res=Changed ranges=[(16, 76, 0), (77, 77, 31), (78, 85, 255), (86, 86, 48)]
combined case=arc_quarter_w8_a270 y=55 res=Changed ranges=[(16, 77, 0), (78, 78, 207), (79, 85, 255), (86, 86, 96)]
combined case=arc_quarter_w8_a270 y=56 res=Changed ranges=[(16, 77, 0), (78, 78, 143), (79, 85, 255), (86, 86, 128)]
combined case=arc_quarter_w8_a270 y=57 res=Changed ranges=[(16, 77, 0), (78, 78, 111), (79, 85, 255), (86, 86, 192)]
combined case=arc_quarter_w8_a270 y=58 res=Changed ranges=[(16, 77, 0), (78, 78, 63), (79, 85, 255), (86, 86, 192)]
combined case=arc_quarter_w8_a270 y=59 res=Changed ranges=[(16, 77, 0), (78, 78, 31), (79, 85, 255), (86, 86, 240)]
combined case=arc_quarter_w8_a270 y=60 res=Changed ranges=[(16, 78, 0), (79, 86, 255)]
combined case=arc_quarter_w8_a270 y=61 res=Changed ranges=[(16, 78, 0), (79, 79, 111), (80, 80, 107), (81, 81, 102), (82, 82, 97), (83, 83, 92), (84, 84, 87), (85, 85, 82), (86, 86, 77)]
combined case=arc_quarter_w8_a270 y=62 res=Transparent ranges=[(16, 86, 0)]
combined case=arc_quarter_w8_a270 y=63 res=Transparent ranges=[(16, 86, 0)]
combined case=arc_quarter_w8_a270 y=64 res=Transparent ranges=[(16, 86, 0)]
combined case=arc_quarter_w8_a270 y=65 res=Transparent ranges=[(16, 86, 0)]
combined case=arc_quarter_w8_a270 y=66 res=Transparent ranges=[(16, 86, 0)]
combined case=arc_quarter_w8_a270 y=67 res=Transparent ranges=[(16, 86, 0)]
combined case=arc_quarter_w8_a270 y=68 res=Transparent ranges=[(16, 86, 0)]
combined case=arc_quarter_w8_a270 y=69 res=Transparent ranges=[(16, 86, 0)]
combined case=arc_quarter_w8_a270 y=70 res=Transparent ranges=[(16, 86, 0)]
combined case=arc_quarter_w8_a270 y=71 res=Transparent ranges=[(16, 86, 0)]
combined case=arc_quarter_w8_a270 y=72 res=Transparent ranges=[(16, 86, 0)]
combined case=arc_quarter_w8_a270 y=73 res=Transparent ranges=[(16, 86, 0)]
combined case=arc_quarter_w8_a270 y=74 res=Transparent ranges=[(16, 86, 0)]
combined case=arc_quarter_w8_a270 y=75 res=Transparent ranges=[(16, 86, 0)]
combined case=arc_quarter_w8_a270 y=76 res=Transparent ranges=[(16, 86, 0)]
combined case=arc_quarter_w8_a270 y=77 res=Transparent ranges=[(16, 86, 0)]
combined case=arc_quarter_w8_a270 y=78 res=Transparent ranges=[(16, 86, 0)]
combined case=arc_quarter_w8_a270 y=79 res=Transparent ranges=[(16, 86, 0)]
combined case=arc_quarter_w8_a270 y=80 res=Transparent ranges=[(16, 86, 0)]
combined case=arc_quarter_w8_a270 y=81 res=Transparent ranges=[(16, 86, 0)]
combined case=arc_quarter_w8_a270 y=82 res=Transparent ranges=[(16, 86, 0)]
combined case=arc_quarter_w8_a270 y=83 res=Transparent ranges=[(16, 86, 0)]
combined case=arc_quarter_w8_a270 y=84 res=Transparent ranges=[(16, 86, 0)]
combined case=arc_quarter_w8_a270 y=85 res=Transparent ranges=[(16, 86, 0)]
combined case=arc_quarter_w8_a270 y=86 res=Transparent ranges=[(16, 86, 0)]
combined case=arc_quarter_w8_a270 y=87 res=Transparent ranges=[(16, 86, 0)]
combined case=arc_quarter_w8_a270 y=88 res=Transparent ranges=[(16, 86, 0)]
combined case=arc_quarter_w8_a270 y=89 res=Transparent ranges=[(16, 86, 0)]
combined case=arc_quarter_w8_a270 y=90 res=Transparent ranges=[(16, 86, 0)]
combined case=arc_quarter_w8_a270 y=91 res=Transparent ranges=[(16, 86, 0)]
combined case=arc_quarter_w8_a270 y=92 res=Transparent ranges=[(16, 86, 0)]
combined case=arc_quarter_w8_a270 y=93 res=Transparent ranges=[(16, 86, 0)]
combined case=arc_quarter_w8_a270 y=94 res=Transparent ranges=[(16, 86, 0)]
combined case=arc_quarter_w8_a270 y=95 res=Transparent ranges=[(16, 86, 0)]
combined case=arc_quarter_w8_a270 y=96 res=Transparent ranges=[(16, 86, 0)]
combined case=arc_quarter_w8_a270 y=97 res=Transparent ranges=[(16, 86, 0)]

case=arc_quarter_w15_a0 start=0 end=90 width=15
combined case=arc_quarter_w15_a0 y=27 res=Transparent ranges=[(16, 86, 0)]
combined case=arc_quarter_w15_a0 y=28 res=Transparent ranges=[(16, 86, 0)]
combined case=arc_quarter_w15_a0 y=29 res=Transparent ranges=[(16, 86, 0)]
combined case=arc_quarter_w15_a0 y=30 res=Transparent ranges=[(16, 86, 0)]
combined case=arc_quarter_w15_a0 y=31 res=Transparent ranges=[(16, 86, 0)]
combined case=arc_quarter_w15_a0 y=32 res=Transparent ranges=[(16, 86, 0)]
combined case=arc_quarter_w15_a0 y=33 res=Transparent ranges=[(16, 86, 0)]
combined case=arc_quarter_w15_a0 y=34 res=Transparent ranges=[(16, 86, 0)]
combined case=arc_quarter_w15_a0 y=35 res=Transparent ranges=[(16, 86, 0)]
combined case=arc_quarter_w15_a0 y=36 res=Transparent ranges=[(16, 86, 0)]
combined case=arc_quarter_w15_a0 y=37 res=Transparent ranges=[(16, 86, 0)]
combined case=arc_quarter_w15_a0 y=38 res=Transparent ranges=[(16, 86, 0)]
combined case=arc_quarter_w15_a0 y=39 res=Transparent ranges=[(16, 86, 0)]
combined case=arc_quarter_w15_a0 y=40 res=Transparent ranges=[(16, 86, 0)]
combined case=arc_quarter_w15_a0 y=41 res=Transparent ranges=[(16, 86, 0)]
combined case=arc_quarter_w15_a0 y=42 res=Transparent ranges=[(16, 86, 0)]
combined case=arc_quarter_w15_a0 y=43 res=Transparent ranges=[(16, 86, 0)]
combined case=arc_quarter_w15_a0 y=44 res=Transparent ranges=[(16, 86, 0)]
combined case=arc_quarter_w15_a0 y=45 res=Transparent ranges=[(16, 86, 0)]
combined case=arc_quarter_w15_a0 y=46 res=Transparent ranges=[(16, 86, 0)]
combined case=arc_quarter_w15_a0 y=47 res=Transparent ranges=[(16, 86, 0)]
combined case=arc_quarter_w15_a0 y=48 res=Transparent ranges=[(16, 86, 0)]
combined case=arc_quarter_w15_a0 y=49 res=Transparent ranges=[(16, 86, 0)]
combined case=arc_quarter_w15_a0 y=50 res=Transparent ranges=[(16, 86, 0)]
combined case=arc_quarter_w15_a0 y=51 res=Transparent ranges=[(16, 86, 0)]
combined case=arc_quarter_w15_a0 y=52 res=Transparent ranges=[(16, 86, 0)]
combined case=arc_quarter_w15_a0 y=53 res=Transparent ranges=[(16, 86, 0)]
combined case=arc_quarter_w15_a0 y=54 res=Transparent ranges=[(16, 86, 0)]
combined case=arc_quarter_w15_a0 y=55 res=Transparent ranges=[(16, 86, 0)]
combined case=arc_quarter_w15_a0 y=56 res=Transparent ranges=[(16, 86, 0)]
combined case=arc_quarter_w15_a0 y=57 res=Transparent ranges=[(16, 86, 0)]
combined case=arc_quarter_w15_a0 y=58 res=Transparent ranges=[(16, 86, 0)]
combined case=arc_quarter_w15_a0 y=59 res=Transparent ranges=[(16, 86, 0)]
combined case=arc_quarter_w15_a0 y=60 res=Transparent ranges=[(16, 86, 0)]
combined case=arc_quarter_w15_a0 y=61 res=Transparent ranges=[(16, 86, 0)]
combined case=arc_quarter_w15_a0 y=62 res=Changed ranges=[(16, 71, 0), (72, 86, 255)]
combined case=arc_quarter_w15_a0 y=63 res=Changed ranges=[(16, 71, 0), (72, 86, 255)]
combined case=arc_quarter_w15_a0 y=64 res=Changed ranges=[(16, 71, 0), (72, 86, 255)]
combined case=arc_quarter_w15_a0 y=65 res=Changed ranges=[(16, 70, 0), (71, 71, 63), (72, 85, 255), (86, 86, 240)]
combined case=arc_quarter_w15_a0 y=66 res=Changed ranges=[(16, 70, 0), (71, 71, 79), (72, 85, 255), (86, 86, 192)]
combined case=arc_quarter_w15_a0 y=67 res=Changed ranges=[(16, 70, 0), (71, 71, 143), (72, 85, 255), (86, 86, 192)]
combined case=arc_quarter_w15_a0 y=68 res=Changed ranges=[(16, 70, 0), (71, 71, 207), (72, 85, 255), (86, 86, 128)]
combined case=arc_quarter_w15_a0 y=69 res=Changed ranges=[(16, 69, 0), (70, 70, 31), (71, 85, 255), (86, 86, 96)]
combined case=arc_quarter_w15_a0 y=70 res=Changed ranges=[(16, 69, 0), (70, 70, 127), (71, 85, 255), (86, 86, 48)]
combined case=arc_quarter_w15_a0 y=71 res=Changed ranges=[(16, 68, 0), (69, 69, 15), (70, 70, 239), (71, 84, 255), (85, 85, 240), (86, 86, 0)]
combined case=arc_quarter_w15_a0 y=72 res=Changed ranges=[(16, 68, 0), (69, 69, 127), (70, 84, 255), (85, 85, 160), (86, 86, 0)]
combined case=arc_quarter_w15_a0 y=73 res=Changed ranges=[(16, 67, 0), (68, 68, 31), (69, 69, 239), (70, 84, 255), (85, 85, 96), (86, 86, 0)]
combined case=arc_quarter_w15_a0 y=74 res=Changed ranges=[(16, 67, 0), (68, 68, 191), (69, 84, 255), (85, 85, 16), (86, 86, 0)]
combined case=arc_quarter_w15_a0 y=75 res=Changed ranges=[(16, 66, 0), (67, 67, 127), (68, 83, 255), (84, 84, 160), (85, 86, 0)]
combined case=arc_quarter_w15_a0 y=76 res=Changed ranges=[(16, 65, 0), (66, 66, 95), (67, 83, 255), (84, 84, 64), (85, 86, 0)]
combined case=arc_quarter_w15_a0 y=77 res=Changed ranges=[(16, 64, 0), (65, 65, 95), (66, 82, 255), (83, 83, 192), (84, 86, 0)]
combined case=arc_quarter_w15_a0 y=78 res=Changed ranges=[(16, 63, 0), (64, 64, 127), (65, 82, 255), (83, 83, 96), (84, 86, 0)]
combined case=arc_quarter_w15_a0 y=79 res=Changed ranges=[(16, 61, 0), (62, 62, 31), (63, 63, 191), (64, 81, 255), (82, 82, 192), (83, 86, 0)]
combined case=arc_quarter_w15_a0 y=80 res=Changed ranges=[(16, 59, 0), (60, 60, 15), (61, 61, 127), (62, 62, 239), (63, 81, 255), (82, 82, 64), (83, 86, 0)]
combined case=arc_quarter_w15_a0 y=81 res=Changed ranges=[(16, 57, 0), (58, 58, 31), (59, 59, 127), (60, 60, 239), (61, 80, 255), (81, 81, 160), (82, 86, 0)]
combined case=arc_quarter_w15_a0 y=82 res=Changed ranges=[(16, 53, 0), (54, 54, 63), (55, 55, 79), (56, 56, 143), (57, 57, 207), (58, 79, 255), (80, 80, 240), (81, 81, 16), (82, 86, 0)]
combined case=arc_quarter_w15_a0 y=83 res=Changed ranges=[(16, 50, 0), (51, 79, 255), (80, 80, 64), (81, 86, 0)]
combined case=arc_quarter_w15_a0 y=84 res=Changed ranges=[(16, 50, 0), (51, 78, 255), (79, 79, 128), (80, 86, 0)]
combined case=arc_quarter_w15_a0 y=85 res=Changed ranges=[(16, 50, 0), (51, 77, 255), (78, 78, 176), (79, 86, 0)]
combined case=arc_quarter_w15_a0 y=86 res=Changed ranges=[(16, 50, 0), (51, 76, 255), (77, 77, 208), (78, 78, 16), (79, 86, 0)]
combined case=arc_quarter_w15_a0 y=87 res=Changed ranges=[(16, 50, 0), (51, 75, 255), (76, 76, 208), (77, 86, 0)]
combined case=arc_quarter_w15_a0 y=88 res=Changed ranges=[(16, 50, 0), (51, 74, 255), (75, 75, 208), (76, 86, 0)]
combined case=arc_quarter_w15_a0 y=89 res=Changed ranges=[(16, 50, 0), (51, 73, 255), (74, 74, 176), (75, 75, 16), (76, 86, 0)]
combined case=arc_quarter_w15_a0 y=90 res=Changed ranges=[(16, 50, 0), (51, 72, 255), (73, 73, 128), (74, 86, 0)]
combined case=arc_quarter_w15_a0 y=91 res=Changed ranges=[(16, 50, 0), (51, 70, 255), (71, 71, 240), (72, 72, 64), (73, 86, 0)]
combined case=arc_quarter_w15_a0 y=92 res=Changed ranges=[(16, 50, 0), (51, 69, 255), (70, 70, 160), (71, 71, 16), (72, 86, 0)]
combined case=arc_quarter_w15_a0 y=93 res=Changed ranges=[(16, 50, 0), (51, 67, 255), (68, 68, 192), (69, 69, 64), (70, 86, 0)]
combined case=arc_quarter_w15_a0 y=94 res=Changed ranges=[(16, 50, 0), (51, 65, 255), (66, 66, 192), (67, 67, 96), (68, 86, 0)]
combined case=arc_quarter_w15_a0 y=95 res=Changed ranges=[(16, 50, 0), (51, 63, 255), (64, 64, 160), (65, 65, 64), (66, 86, 0)]
combined case=arc_quarter_w15_a0 y=96 res=Changed ranges=[(16, 50, 0), (51, 59, 255), (60, 60, 240), (61, 61, 160), (62, 62, 96), (63, 63, 16), (64, 86, 0)]
combined case=arc_quarter_w15_a0 y=97 res=Changed ranges=[(16, 50, 0), (51, 53, 255), (54, 54, 240), (55, 56, 192), (57, 57, 128), (58, 58, 96), (59, 59, 48), (60, 86, 0)]

case=arc_quarter_w15_a90 start=90 end=180 width=15
combined case=arc_quarter_w15_a90 y=27 res=Transparent ranges=[(16, 86, 0)]
combined case=arc_quarter_w15_a90 y=28 res=Transparent ranges=[(16, 86, 0)]
combined case=arc_quarter_w15_a90 y=29 res=Transparent ranges=[(16, 86, 0)]
combined case=arc_quarter_w15_a90 y=30 res=Transparent ranges=[(16, 86, 0)]
combined case=arc_quarter_w15_a90 y=31 res=Transparent ranges=[(16, 86, 0)]
combined case=arc_quarter_w15_a90 y=32 res=Transparent ranges=[(16, 86, 0)]
combined case=arc_quarter_w15_a90 y=33 res=Transparent ranges=[(16, 86, 0)]
combined case=arc_quarter_w15_a90 y=34 res=Transparent ranges=[(16, 86, 0)]
combined case=arc_quarter_w15_a90 y=35 res=Transparent ranges=[(16, 86, 0)]
combined case=arc_quarter_w15_a90 y=36 res=Transparent ranges=[(16, 86, 0)]
combined case=arc_quarter_w15_a90 y=37 res=Transparent ranges=[(16, 86, 0)]
combined case=arc_quarter_w15_a90 y=38 res=Transparent ranges=[(16, 86, 0)]
combined case=arc_quarter_w15_a90 y=39 res=Transparent ranges=[(16, 86, 0)]
combined case=arc_quarter_w15_a90 y=40 res=Transparent ranges=[(16, 86, 0)]
combined case=arc_quarter_w15_a90 y=41 res=Transparent ranges=[(16, 86, 0)]
combined case=arc_quarter_w15_a90 y=42 res=Transparent ranges=[(16, 86, 0)]
combined case=arc_quarter_w15_a90 y=43 res=Transparent ranges=[(16, 86, 0)]
combined case=arc_quarter_w15_a90 y=44 res=Transparent ranges=[(16, 86, 0)]
combined case=arc_quarter_w15_a90 y=45 res=Transparent ranges=[(16, 86, 0)]
combined case=arc_quarter_w15_a90 y=46 res=Transparent ranges=[(16, 86, 0)]
combined case=arc_quarter_w15_a90 y=47 res=Transparent ranges=[(16, 86, 0)]
combined case=arc_quarter_w15_a90 y=48 res=Transparent ranges=[(16, 86, 0)]
combined case=arc_quarter_w15_a90 y=49 res=Transparent ranges=[(16, 86, 0)]
combined case=arc_quarter_w15_a90 y=50 res=Transparent ranges=[(16, 86, 0)]
combined case=arc_quarter_w15_a90 y=51 res=Transparent ranges=[(16, 86, 0)]
combined case=arc_quarter_w15_a90 y=52 res=Transparent ranges=[(16, 86, 0)]
combined case=arc_quarter_w15_a90 y=53 res=Transparent ranges=[(16, 86, 0)]
combined case=arc_quarter_w15_a90 y=54 res=Transparent ranges=[(16, 86, 0)]
combined case=arc_quarter_w15_a90 y=55 res=Transparent ranges=[(16, 86, 0)]
combined case=arc_quarter_w15_a90 y=56 res=Transparent ranges=[(16, 86, 0)]
combined case=arc_quarter_w15_a90 y=57 res=Transparent ranges=[(16, 86, 0)]
combined case=arc_quarter_w15_a90 y=58 res=Transparent ranges=[(16, 86, 0)]
combined case=arc_quarter_w15_a90 y=59 res=Transparent ranges=[(16, 86, 0)]
combined case=arc_quarter_w15_a90 y=60 res=Transparent ranges=[(16, 86, 0)]
combined case=arc_quarter_w15_a90 y=61 res=Transparent ranges=[(16, 86, 0)]
combined case=arc_quarter_w15_a90 y=62 res=Changed ranges=[(16, 30, 255), (31, 86, 0)]
combined case=arc_quarter_w15_a90 y=63 res=Changed ranges=[(16, 30, 255), (31, 86, 0)]
combined case=arc_quarter_w15_a90 y=64 res=Changed ranges=[(16, 30, 255), (31, 86, 0)]
combined case=arc_quarter_w15_a90 y=65 res=Changed ranges=[(16, 16, 240), (17, 30, 255), (31, 31, 63), (32, 86, 0)]
combined case=arc_quarter_w15_a90 y=66 res=Changed ranges=[(16, 16, 192), (17, 30, 255), (31, 31, 79), (32, 86, 0)]
combined case=arc_quarter_w15_a90 y=67 res=Changed ranges=[(16, 16, 192), (17, 30, 255), (31, 31, 143), (32, 86, 0)]
combined case=arc_quarter_w15_a90 y=68 res=Changed ranges=[(16, 16, 128), (17, 30, 255), (31, 31, 207), (32, 86, 0)]
combined case=arc_quarter_w15_a90 y=69 res=Changed ranges=[(16, 16, 96), (17, 31, 255), (32, 32, 31), (33, 86, 0)]
combined case=arc_quarter_w15_a90 y=70 res=Changed ranges=[(16, 16, 48), (17, 31, 255), (32, 32, 127), (33, 86, 0)]
combined case=arc_quarter_w15_a90 y=71 res=Changed ranges=[(16, 16, 0), (17, 17, 240), (18, 31, 255), (32, 32, 239), (33, 33, 15), (34, 86, 0)]
combined case=arc_quarter_w15_a90 y=72 res=Changed ranges=[(16, 16, 0), (17, 17, 160), (18, 32, 255), (33, 33, 127), (34, 86, 0)]
combined case=arc_quarter_w15_a90 y=73 res=Changed ranges=[(16, 16, 0), (17, 17, 96), (18, 32, 255), (33, 33, 239), (34, 34, 31), (35, 86, 0)]
combined case=arc_quarter_w15_a90 y=74 res=Changed ranges=[(16, 16, 0), (17, 17, 16), (18, 33, 255), (34, 34, 191), (35, 86, 0)]
combined case=arc_quarter_w15_a90 y=75 res=Changed ranges=[(16, 17, 0), (18, 18, 160), (19, 34, 255), (35, 35, 127), (36, 86, 0)]
combined case=arc_quarter_w15_a90 y=76 res=Changed ranges=[(16, 17, 0), (18, 18, 64), (19, 35, 255), (36, 36, 95), (37, 86, 0)]
combined case=arc_quarter_w15_a90 y=77 res=Changed ranges=[(16, 18, 0), (19, 19, 192), (20, 36, 255), (37, 37, 95), (38, 86, 0)]
combined case=arc_quarter_w15_a90 y=78 res=Changed ranges=[(16, 18, 0), (19, 19, 96), (20, 37, 255), (38, 38, 127), (39, 86, 0)]
combined case=arc_quarter_w15_a90 y=79 res=Changed ranges=[(16, 19, 0), (20, 20, 192), (21, 38, 255), (39, 39, 191), (40, 40, 31), (41, 86, 0)]
combined case=arc_quarter_w15_a90 y=80 res=Changed ranges=[(16, 19, 0), (20, 20, 64), (21, 39, 255), (40, 40, 239), (41, 41, 127), (42, 42, 15), (43, 86, 0)]
combined case=arc_quarter_w15_a90 y=81 res=Changed ranges=[(16, 20, 0), (21, 21, 160), (22, 41, 255), (42, 42, 239), (43, 43, 127), (44, 44, 31), (45, 86, 0)]
combined case=arc_quarter_w15_a90 y=82 res=Changed ranges=[(16, 20, 0), (21, 21, 16), (22, 22, 240), (23, 44, 255), (45, 45, 207), (46, 46, 143), (47, 47, 79), (48, 48, 63), (49, 86, 0)]
combined case=arc_quarter_w15_a90 y=83 res=Changed ranges=[(16, 21, 0), (22, 22, 64), (23, 50, 255), (51, 86, 0)]
combined case=arc_quarter_w15_a90 y=84 res=Changed ranges=[(16, 22, 0), (23, 23, 128), (24, 50, 255), (51, 86, 0)]
combined case=arc_quarter_w15_a90 y=85 res=Changed ranges=[(16, 23, 0), (24, 24, 176), (25, 50, 255), (51, 86, 0)]
combined case=arc_quarter_w15_a90 y=86 res=Changed ranges=[(16, 23, 0), (24, 24, 16), (25, 25, 208), (26, 50, 255), (51, 86, 0)]
combined case=arc_quarter_w15_a90 y=87 res=Changed ranges=[(16, 25, 0), (26, 26, 208), (27, 50, 255), (51, 86, 0)]
combined case=arc_quarter_w15_a90 y=88 res=Changed ranges=[(16, 26, 0), (27, 27, 208), (28, 50, 255), (51, 86, 0)]
combined case=arc_quarter_w15_a90 y=89 res=Changed ranges=[(16, 26, 0), (27, 27, 16), (28, 28, 176), (29, 50, 255), (51, 86, 0)]
combined case=arc_quarter_w15_a90 y=90 res=Changed ranges=[(16, 28, 0), (29, 29, 128), (30, 50, 255), (51, 86, 0)]
combined case=arc_quarter_w15_a90 y=91 res=Changed ranges=[(16, 29, 0), (30, 30, 64), (31, 31, 240), (32, 50, 255), (51, 86, 0)]
combined case=arc_quarter_w15_a90 y=92 res=Changed ranges=[(16, 30, 0), (31, 31, 16), (32, 32, 160), (33, 50, 255), (51, 86, 0)]
combined case=arc_quarter_w15_a90 y=93 res=Changed ranges=[(16, 32, 0), (33, 33, 64), (34, 34, 192), (35, 50, 255), (51, 86, 0)]
combined case=arc_quarter_w15_a90 y=94 res=Changed ranges=[(16, 34, 0), (35, 35, 96), (36, 36, 192), (37, 50, 255), (51, 86, 0)]
combined case=arc_quarter_w15_a90 y=95 res=Changed ranges=[(16, 36, 0), (37, 37, 64), (38, 38, 160), (39, 50, 255), (51, 86, 0)]
combined case=arc_quarter_w15_a90 y=96 res=Changed ranges=[(16, 38, 0), (39, 39, 16), (40, 40, 96), (41, 41, 160), (42, 42, 240), (43, 50, 255), (51, 86, 0)]
combined case=arc_quarter_w15_a90 y=97 res=Changed ranges=[(16, 42, 0), (43, 43, 48), (44, 44, 96), (45, 45, 128), (46, 47, 192), (48, 48, 240), (49, 50, 255), (51, 86, 0)]

case=arc_quarter_w15_a180 start=180 end=270 width=15
combined case=arc_quarter_w15_a180 y=27 res=Changed ranges=[(16, 42, 0), (43, 43, 48), (44, 44, 96), (45, 45, 128), (46, 47, 192), (48, 48, 240), (49, 50, 255), (51, 86, 0)]
combined case=arc_quarter_w15_a180 y=28 res=Changed ranges=[(16, 38, 0), (39, 39, 16), (40, 40, 96), (41, 41, 160), (42, 42, 240), (43, 50, 255), (51, 86, 0)]
combined case=arc_quarter_w15_a180 y=29 res=Changed ranges=[(16, 36, 0), (37, 37, 64), (38, 38, 160), (39, 50, 255), (51, 86, 0)]
combined case=arc_quarter_w15_a180 y=30 res=Changed ranges=[(16, 34, 0), (35, 35, 96), (36, 36, 192), (37, 50, 255), (51, 86, 0)]
combined case=arc_quarter_w15_a180 y=31 res=Changed ranges=[(16, 32, 0), (33, 33, 64), (34, 34, 192), (35, 50, 255), (51, 86, 0)]
combined case=arc_quarter_w15_a180 y=32 res=Changed ranges=[(16, 30, 0), (31, 31, 16), (32, 32, 160), (33, 50, 255), (51, 86, 0)]
combined case=arc_quarter_w15_a180 y=33 res=Changed ranges=[(16, 29, 0), (30, 30, 64), (31, 31, 240), (32, 50, 255), (51, 86, 0)]
combined case=arc_quarter_w15_a180 y=34 res=Changed ranges=[(16, 28, 0), (29, 29, 128), (30, 50, 255), (51, 86, 0)]
combined case=arc_quarter_w15_a180 y=35 res=Changed ranges=[(16, 26, 0), (27, 27, 16), (28, 28, 176), (29, 50, 255), (51, 86, 0)]
combined case=arc_quarter_w15_a180 y=36 res=Changed ranges=[(16, 26, 0), (27, 27, 208), (28, 50, 255), (51, 86, 0)]
combined case=arc_quarter_w15_a180 y=37 res=Changed ranges=[(16, 25, 0), (26, 26, 208), (27, 50, 255), (51, 86, 0)]
combined case=arc_quarter_w15_a180 y=38 res=Changed ranges=[(16, 23, 0), (24, 24, 16), (25, 25, 208), (26, 50, 255), (51, 86, 0)]
combined case=arc_quarter_w15_a180 y=39 res=Changed ranges=[(16, 23, 0), (24, 24, 176), (25, 50, 255), (51, 86, 0)]
combined case=arc_quarter_w15_a180 y=40 res=Changed ranges=[(16, 22, 0), (23, 23, 128), (24, 50, 255), (51, 86, 0)]
combined case=arc_quarter_w15_a180 y=41 res=Changed ranges=[(16, 21, 0), (22, 22, 64), (23, 50, 255), (51, 86, 0)]
combined case=arc_quarter_w15_a180 y=42 res=Changed ranges=[(16, 20, 0), (21, 21, 16), (22, 22, 240), (23, 44, 255), (45, 45, 207), (46, 46, 143), (47, 47, 79), (48, 48, 63), (49, 86, 0)]
combined case=arc_quarter_w15_a180 y=43 res=Changed ranges=[(16, 20, 0), (21, 21, 160), (22, 41, 255), (42, 42, 239), (43, 43, 127), (44, 44, 31), (45, 86, 0)]
combined case=arc_quarter_w15_a180 y=44 res=Changed ranges=[(16, 19, 0), (20, 20, 64), (21, 39, 255), (40, 40, 239), (41, 41, 127), (42, 42, 15), (43, 86, 0)]
combined case=arc_quarter_w15_a180 y=45 res=Changed ranges=[(16, 19, 0), (20, 20, 192), (21, 38, 255), (39, 39, 191), (40, 40, 31), (41, 86, 0)]
combined case=arc_quarter_w15_a180 y=46 res=Changed ranges=[(16, 18, 0), (19, 19, 96), (20, 37, 255), (38, 38, 127), (39, 86, 0)]
combined case=arc_quarter_w15_a180 y=47 res=Changed ranges=[(16, 18, 0), (19, 19, 192), (20, 36, 255), (37, 37, 95), (38, 86, 0)]
combined case=arc_quarter_w15_a180 y=48 res=Changed ranges=[(16, 17, 0), (18, 18, 64), (19, 35, 255), (36, 36, 95), (37, 86, 0)]
combined case=arc_quarter_w15_a180 y=49 res=Changed ranges=[(16, 17, 0), (18, 18, 160), (19, 34, 255), (35, 35, 127), (36, 86, 0)]
combined case=arc_quarter_w15_a180 y=50 res=Changed ranges=[(16, 16, 0), (17, 17, 16), (18, 33, 255), (34, 34, 191), (35, 86, 0)]
combined case=arc_quarter_w15_a180 y=51 res=Changed ranges=[(16, 16, 0), (17, 17, 96), (18, 32, 255), (33, 33, 239), (34, 34, 31), (35, 86, 0)]
combined case=arc_quarter_w15_a180 y=52 res=Changed ranges=[(16, 16, 0), (17, 17, 160), (18, 32, 255), (33, 33, 127), (34, 86, 0)]
combined case=arc_quarter_w15_a180 y=53 res=Changed ranges=[(16, 16, 0), (17, 17, 240), (18, 31, 255), (32, 32, 239), (33, 33, 15), (34, 86, 0)]
combined case=arc_quarter_w15_a180 y=54 res=Changed ranges=[(16, 16, 48), (17, 31, 255), (32, 32, 127), (33, 86, 0)]
combined case=arc_quarter_w15_a180 y=55 res=Changed ranges=[(16, 16, 96), (17, 31, 255), (32, 32, 31), (33, 86, 0)]
combined case=arc_quarter_w15_a180 y=56 res=Changed ranges=[(16, 16, 128), (17, 30, 255), (31, 31, 207), (32, 86, 0)]
combined case=arc_quarter_w15_a180 y=57 res=Changed ranges=[(16, 16, 192), (17, 30, 255), (31, 31, 143), (32, 86, 0)]
combined case=arc_quarter_w15_a180 y=58 res=Changed ranges=[(16, 16, 192), (17, 30, 255), (31, 31, 79), (32, 86, 0)]
combined case=arc_quarter_w15_a180 y=59 res=Changed ranges=[(16, 16, 240), (17, 30, 255), (31, 31, 63), (32, 86, 0)]
combined case=arc_quarter_w15_a180 y=60 res=Changed ranges=[(16, 30, 255), (31, 86, 0)]
combined case=arc_quarter_w15_a180 y=61 res=Changed ranges=[(16, 30, 255), (31, 86, 0)]
combined case=arc_quarter_w15_a180 y=62 res=Transparent ranges=[(16, 86, 0)]
combined case=arc_quarter_w15_a180 y=63 res=Transparent ranges=[(16, 86, 0)]
combined case=arc_quarter_w15_a180 y=64 res=Transparent ranges=[(16, 86, 0)]
combined case=arc_quarter_w15_a180 y=65 res=Transparent ranges=[(16, 86, 0)]
combined case=arc_quarter_w15_a180 y=66 res=Transparent ranges=[(16, 86, 0)]
combined case=arc_quarter_w15_a180 y=67 res=Transparent ranges=[(16, 86, 0)]
combined case=arc_quarter_w15_a180 y=68 res=Transparent ranges=[(16, 86, 0)]
combined case=arc_quarter_w15_a180 y=69 res=Transparent ranges=[(16, 86, 0)]
combined case=arc_quarter_w15_a180 y=70 res=Transparent ranges=[(16, 86, 0)]
combined case=arc_quarter_w15_a180 y=71 res=Transparent ranges=[(16, 86, 0)]
combined case=arc_quarter_w15_a180 y=72 res=Transparent ranges=[(16, 86, 0)]
combined case=arc_quarter_w15_a180 y=73 res=Transparent ranges=[(16, 86, 0)]
combined case=arc_quarter_w15_a180 y=74 res=Transparent ranges=[(16, 86, 0)]
combined case=arc_quarter_w15_a180 y=75 res=Transparent ranges=[(16, 86, 0)]
combined case=arc_quarter_w15_a180 y=76 res=Transparent ranges=[(16, 86, 0)]
combined case=arc_quarter_w15_a180 y=77 res=Transparent ranges=[(16, 86, 0)]
combined case=arc_quarter_w15_a180 y=78 res=Transparent ranges=[(16, 86, 0)]
combined case=arc_quarter_w15_a180 y=79 res=Transparent ranges=[(16, 86, 0)]
combined case=arc_quarter_w15_a180 y=80 res=Transparent ranges=[(16, 86, 0)]
combined case=arc_quarter_w15_a180 y=81 res=Transparent ranges=[(16, 86, 0)]
combined case=arc_quarter_w15_a180 y=82 res=Transparent ranges=[(16, 86, 0)]
combined case=arc_quarter_w15_a180 y=83 res=Transparent ranges=[(16, 86, 0)]
combined case=arc_quarter_w15_a180 y=84 res=Transparent ranges=[(16, 86, 0)]
combined case=arc_quarter_w15_a180 y=85 res=Transparent ranges=[(16, 86, 0)]
combined case=arc_quarter_w15_a180 y=86 res=Transparent ranges=[(16, 86, 0)]
combined case=arc_quarter_w15_a180 y=87 res=Transparent ranges=[(16, 86, 0)]
combined case=arc_quarter_w15_a180 y=88 res=Transparent ranges=[(16, 86, 0)]
combined case=arc_quarter_w15_a180 y=89 res=Transparent ranges=[(16, 86, 0)]
combined case=arc_quarter_w15_a180 y=90 res=Transparent ranges=[(16, 86, 0)]
combined case=arc_quarter_w15_a180 y=91 res=Transparent ranges=[(16, 86, 0)]
combined case=arc_quarter_w15_a180 y=92 res=Transparent ranges=[(16, 86, 0)]
combined case=arc_quarter_w15_a180 y=93 res=Transparent ranges=[(16, 86, 0)]
combined case=arc_quarter_w15_a180 y=94 res=Transparent ranges=[(16, 86, 0)]
combined case=arc_quarter_w15_a180 y=95 res=Transparent ranges=[(16, 86, 0)]
combined case=arc_quarter_w15_a180 y=96 res=Transparent ranges=[(16, 86, 0)]
combined case=arc_quarter_w15_a180 y=97 res=Transparent ranges=[(16, 86, 0)]

case=arc_quarter_w15_a270 start=270 end=360 width=15
combined case=arc_quarter_w15_a270 y=27 res=Changed ranges=[(16, 50, 0), (51, 53, 255), (54, 54, 240), (55, 56, 192), (57, 57, 128), (58, 58, 96), (59, 59, 48), (60, 86, 0)]
combined case=arc_quarter_w15_a270 y=28 res=Changed ranges=[(16, 50, 0), (51, 59, 255), (60, 60, 240), (61, 61, 160), (62, 62, 96), (63, 63, 16), (64, 86, 0)]
combined case=arc_quarter_w15_a270 y=29 res=Changed ranges=[(16, 50, 0), (51, 63, 255), (64, 64, 160), (65, 65, 64), (66, 86, 0)]
combined case=arc_quarter_w15_a270 y=30 res=Changed ranges=[(16, 50, 0), (51, 65, 255), (66, 66, 192), (67, 67, 96), (68, 86, 0)]
combined case=arc_quarter_w15_a270 y=31 res=Changed ranges=[(16, 50, 0), (51, 67, 255), (68, 68, 192), (69, 69, 64), (70, 86, 0)]
combined case=arc_quarter_w15_a270 y=32 res=Changed ranges=[(16, 50, 0), (51, 69, 255), (70, 70, 160), (71, 71, 16), (72, 86, 0)]
combined case=arc_quarter_w15_a270 y=33 res=Changed ranges=[(16, 50, 0), (51, 70, 255), (71, 71, 240), (72, 72, 64), (73, 86, 0)]
combined case=arc_quarter_w15_a270 y=34 res=Changed ranges=[(16, 50, 0), (51, 72, 255), (73, 73, 128), (74, 86, 0)]
combined case=arc_quarter_w15_a270 y=35 res=Changed ranges=[(16, 50, 0), (51, 73, 255), (74, 74, 176), (75, 75, 16), (76, 86, 0)]
combined case=arc_quarter_w15_a270 y=36 res=Changed ranges=[(16, 50, 0), (51, 74, 255), (75, 75, 208), (76, 86, 0)]
combined case=arc_quarter_w15_a270 y=37 res=Changed ranges=[(16, 50, 0), (51, 75, 255), (76, 76, 208), (77, 86, 0)]
combined case=arc_quarter_w15_a270 y=38 res=Changed ranges=[(16, 50, 0), (51, 76, 255), (77, 77, 208), (78, 78, 16), (79, 86, 0)]
combined case=arc_quarter_w15_a270 y=39 res=Changed ranges=[(16, 50, 0), (51, 77, 255), (78, 78, 176), (79, 86, 0)]
combined case=arc_quarter_w15_a270 y=40 res=Changed ranges=[(16, 50, 0), (51, 78, 255), (79, 79, 128), (80, 86, 0)]
combined case=arc_quarter_w15_a270 y=41 res=Changed ranges=[(16, 50, 0), (51, 79, 255), (80, 80, 64), (81, 86, 0)]
combined case=arc_quarter_w15_a270 y=42 res=Changed ranges=[(16, 53, 0), (54, 54, 63), (55, 55, 79), (56, 56, 143), (57, 57, 207), (58, 79, 255), (80, 80, 240), (81, 81, 16), (82, 86, 0)]
combined case=arc_quarter_w15_a270 y=43 res=Changed ranges=[(16, 57, 0), (58, 58, 31), (59, 59, 127), (60, 60, 239), (61, 80, 255), (81, 81, 160), (82, 86, 0)]
combined case=arc_quarter_w15_a270 y=44 res=Changed ranges=[(16, 59, 0), (60, 60, 15), (61, 61, 127), (62, 62, 239), (63, 81, 255), (82, 82, 64), (83, 86, 0)]
combined case=arc_quarter_w15_a270 y=45 res=Changed ranges=[(16, 61, 0), (62, 62, 31), (63, 63, 191), (64, 81, 255), (82, 82, 192), (83, 86, 0)]
combined case=arc_quarter_w15_a270 y=46 res=Changed ranges=[(16, 63, 0), (64, 64, 127), (65, 82, 255), (83, 83, 96), (84, 86, 0)]
combined case=arc_quarter_w15_a270 y=47 res=Changed ranges=[(16, 64, 0), (65, 65, 95), (66, 82, 255), (83, 83, 192), (84, 86, 0)]
combined case=arc_quarter_w15_a270 y=48 res=Changed ranges=[(16, 65, 0), (66, 66, 95), (67, 83, 255), (84, 84, 64), (85, 86, 0)]
combined case=arc_quarter_w15_a270 y=49 res=Changed ranges=[(16, 66, 0), (67, 67, 127), (68, 83, 255), (84, 84, 160), (85, 86, 0)]
combined case=arc_quarter_w15_a270 y=50 res=Changed ranges=[(16, 67, 0), (68, 68, 191), (69, 84, 255), (85, 85, 16), (86, 86, 0)]
combined case=arc_quarter_w15_a270 y=51 res=Changed ranges=[(16, 67, 0), (68, 68, 31), (69, 69, 239), (70, 84, 255), (85, 85, 96), (86, 86, 0)]
combined case=arc_quarter_w15_a270 y=52 res=Changed ranges=[(16, 68, 0), (69, 69, 127), (70, 84, 255), (85, 85, 160), (86, 86, 0)]
combined case=arc_quarter_w15_a270 y=53 res=Changed ranges=[(16, 68, 0), (69, 69, 15), (70, 70, 239), (71, 84, 255), (85, 85, 240), (86, 86, 0)]
combined case=arc_quarter_w15_a270 y=54 res=Changed ranges=[(16, 69, 0), (70, 70, 127), (71, 85, 255), (86, 86, 48)]
combined case=arc_quarter_w15_a270 y=55 res=Changed ranges=[(16, 69, 0), (70, 70, 31), (71, 85, 255), (86, 86, 96)]
combined case=arc_quarter_w15_a270 y=56 res=Changed ranges=[(16, 70, 0), (71, 71, 207), (72, 85, 255), (86, 86, 128)]
combined case=arc_quarter_w15_a270 y=57 res=Changed ranges=[(16, 70, 0), (71, 71, 143), (72, 85, 255), (86, 86, 192)]
combined case=arc_quarter_w15_a270 y=58 res=Changed ranges=[(16, 70, 0), (71, 71, 79), (72, 85, 255), (86, 86, 192)]
combined case=arc_quarter_w15_a270 y=59 res=Changed ranges=[(16, 70, 0), (71, 71, 63), (72, 85, 255), (86, 86, 240)]
combined case=arc_quarter_w15_a270 y=60 res=Changed ranges=[(16, 71, 0), (72, 86, 255)]
combined case=arc_quarter_w15_a270 y=61 res=Changed ranges=[(16, 71, 0), (72, 72, 146), (73, 73, 142), (74, 74, 137), (75, 75, 132), (76, 76, 127), (77, 77, 122), (78, 78, 117), (79, 79, 112), (80, 80, 107), (81, 81, 102), (82, 82, 97), (83, 83, 92), (84, 84, 87), (85, 85, 82), (86, 86, 77)]
combined case=arc_quarter_w15_a270 y=62 res=Transparent ranges=[(16, 86, 0)]
combined case=arc_quarter_w15_a270 y=63 res=Transparent ranges=[(16, 86, 0)]
combined case=arc_quarter_w15_a270 y=64 res=Transparent ranges=[(16, 86, 0)]
combined case=arc_quarter_w15_a270 y=65 res=Transparent ranges=[(16, 86, 0)]
combined case=arc_quarter_w15_a270 y=66 res=Transparent ranges=[(16, 86, 0)]
combined case=arc_quarter_w15_a270 y=67 res=Transparent ranges=[(16, 86, 0)]
combined case=arc_quarter_w15_a270 y=68 res=Transparent ranges=[(16, 86, 0)]
combined case=arc_quarter_w15_a270 y=69 res=Transparent ranges=[(16, 86, 0)]
combined case=arc_quarter_w15_a270 y=70 res=Transparent ranges=[(16, 86, 0)]
combined case=arc_quarter_w15_a270 y=71 res=Transparent ranges=[(16, 86, 0)]
combined case=arc_quarter_w15_a270 y=72 res=Transparent ranges=[(16, 86, 0)]
combined case=arc_quarter_w15_a270 y=73 res=Transparent ranges=[(16, 86, 0)]
combined case=arc_quarter_w15_a270 y=74 res=Transparent ranges=[(16, 86, 0)]
combined case=arc_quarter_w15_a270 y=75 res=Transparent ranges=[(16, 86, 0)]
combined case=arc_quarter_w15_a270 y=76 res=Transparent ranges=[(16, 86, 0)]
combined case=arc_quarter_w15_a270 y=77 res=Transparent ranges=[(16, 86, 0)]
combined case=arc_quarter_w15_a270 y=78 res=Transparent ranges=[(16, 86, 0)]
combined case=arc_quarter_w15_a270 y=79 res=Transparent ranges=[(16, 86, 0)]
combined case=arc_quarter_w15_a270 y=80 res=Transparent ranges=[(16, 86, 0)]
combined case=arc_quarter_w15_a270 y=81 res=Transparent ranges=[(16, 86, 0)]
combined case=arc_quarter_w15_a270 y=82 res=Transparent ranges=[(16, 86, 0)]
combined case=arc_quarter_w15_a270 y=83 res=Transparent ranges=[(16, 86, 0)]
combined case=arc_quarter_w15_a270 y=84 res=Transparent ranges=[(16, 86, 0)]
combined case=arc_quarter_w15_a270 y=85 res=Transparent ranges=[(16, 86, 0)]
combined case=arc_quarter_w15_a270 y=86 res=Transparent ranges=[(16, 86, 0)]
combined case=arc_quarter_w15_a270 y=87 res=Transparent ranges=[(16, 86, 0)]
combined case=arc_quarter_w15_a270 y=88 res=Transparent ranges=[(16, 86, 0)]
combined case=arc_quarter_w15_a270 y=89 res=Transparent ranges=[(16, 86, 0)]
combined case=arc_quarter_w15_a270 y=90 res=Transparent ranges=[(16, 86, 0)]
combined case=arc_quarter_w15_a270 y=91 res=Transparent ranges=[(16, 86, 0)]
combined case=arc_quarter_w15_a270 y=92 res=Transparent ranges=[(16, 86, 0)]
combined case=arc_quarter_w15_a270 y=93 res=Transparent ranges=[(16, 86, 0)]
combined case=arc_quarter_w15_a270 y=94 res=Transparent ranges=[(16, 86, 0)]
combined case=arc_quarter_w15_a270 y=95 res=Transparent ranges=[(16, 86, 0)]
combined case=arc_quarter_w15_a270 y=96 res=Transparent ranges=[(16, 86, 0)]
combined case=arc_quarter_w15_a270 y=97 res=Transparent ranges=[(16, 86, 0)]

case=arc_span45 start=0 end=45 width=8
combined case=arc_span45 y=27 res=Transparent ranges=[(16, 86, 0)]
combined case=arc_span45 y=28 res=Transparent ranges=[(16, 86, 0)]
combined case=arc_span45 y=29 res=Transparent ranges=[(16, 86, 0)]
combined case=arc_span45 y=30 res=Transparent ranges=[(16, 86, 0)]
combined case=arc_span45 y=31 res=Transparent ranges=[(16, 86, 0)]
combined case=arc_span45 y=32 res=Transparent ranges=[(16, 86, 0)]
combined case=arc_span45 y=33 res=Transparent ranges=[(16, 86, 0)]
combined case=arc_span45 y=34 res=Transparent ranges=[(16, 86, 0)]
combined case=arc_span45 y=35 res=Transparent ranges=[(16, 86, 0)]
combined case=arc_span45 y=36 res=Transparent ranges=[(16, 86, 0)]
combined case=arc_span45 y=37 res=Transparent ranges=[(16, 86, 0)]
combined case=arc_span45 y=38 res=Transparent ranges=[(16, 86, 0)]
combined case=arc_span45 y=39 res=Transparent ranges=[(16, 86, 0)]
combined case=arc_span45 y=40 res=Transparent ranges=[(16, 86, 0)]
combined case=arc_span45 y=41 res=Transparent ranges=[(16, 86, 0)]
combined case=arc_span45 y=42 res=Transparent ranges=[(16, 86, 0)]
combined case=arc_span45 y=43 res=Transparent ranges=[(16, 86, 0)]
combined case=arc_span45 y=44 res=Transparent ranges=[(16, 86, 0)]
combined case=arc_span45 y=45 res=Transparent ranges=[(16, 86, 0)]
combined case=arc_span45 y=46 res=Transparent ranges=[(16, 86, 0)]
combined case=arc_span45 y=47 res=Transparent ranges=[(16, 86, 0)]
combined case=arc_span45 y=48 res=Transparent ranges=[(16, 86, 0)]
combined case=arc_span45 y=49 res=Transparent ranges=[(16, 86, 0)]
combined case=arc_span45 y=50 res=Transparent ranges=[(16, 86, 0)]
combined case=arc_span45 y=51 res=Transparent ranges=[(16, 86, 0)]
combined case=arc_span45 y=52 res=Transparent ranges=[(16, 86, 0)]
combined case=arc_span45 y=53 res=Transparent ranges=[(16, 86, 0)]
combined case=arc_span45 y=54 res=Transparent ranges=[(16, 86, 0)]
combined case=arc_span45 y=55 res=Transparent ranges=[(16, 86, 0)]
combined case=arc_span45 y=56 res=Transparent ranges=[(16, 86, 0)]
combined case=arc_span45 y=57 res=Transparent ranges=[(16, 86, 0)]
combined case=arc_span45 y=58 res=Transparent ranges=[(16, 86, 0)]
combined case=arc_span45 y=59 res=Transparent ranges=[(16, 86, 0)]
combined case=arc_span45 y=60 res=Transparent ranges=[(16, 86, 0)]
combined case=arc_span45 y=61 res=Transparent ranges=[(16, 86, 0)]
combined case=arc_span45 y=62 res=Changed ranges=[(16, 78, 0), (79, 86, 255)]
combined case=arc_span45 y=63 res=Changed ranges=[(16, 78, 0), (79, 86, 255)]
combined case=arc_span45 y=64 res=Changed ranges=[(16, 78, 0), (79, 86, 255)]
combined case=arc_span45 y=65 res=Changed ranges=[(16, 77, 0), (78, 78, 31), (79, 85, 255), (86, 86, 240)]
combined case=arc_span45 y=66 res=Changed ranges=[(16, 77, 0), (78, 78, 63), (79, 85, 255), (86, 86, 192)]
combined case=arc_span45 y=67 res=Changed ranges=[(16, 77, 0), (78, 78, 111), (79, 85, 255), (86, 86, 192)]
combined case=arc_span45 y=68 res=Changed ranges=[(16, 77, 0), (78, 78, 143), (79, 85, 255), (86, 86, 128)]
combined case=arc_span45 y=69 res=Changed ranges=[(16, 77, 0), (78, 78, 207), (79, 85, 255), (86, 86, 96)]
combined case=arc_span45 y=70 res=Changed ranges=[(16, 76, 0), (77, 77, 31), (78, 85, 255), (86, 86, 48)]
combined case=arc_span45 y=71 res=Changed ranges=[(16, 76, 0), (77, 77, 95), (78, 84, 255), (85, 85, 240), (86, 86, 0)]
combined case=arc_span45 y=72 res=Changed ranges=[(16, 76, 0), (77, 77, 207), (78, 84, 255), (85, 85, 160), (86, 86, 0)]
combined case=arc_span45 y=73 res=Changed ranges=[(16, 75, 0), (76, 76, 31), (77, 84, 255), (85, 85, 96), (86, 86, 0)]
combined case=arc_span45 y=74 res=Changed ranges=[(16, 75, 0), (76, 76, 159), (77, 84, 255), (85, 85, 16), (86, 86, 0)]
combined case=arc_span45 y=75 res=Changed ranges=[(16, 74, 0), (75, 75, 31), (76, 83, 255), (84, 84, 160), (85, 86, 0)]
combined case=arc_span45 y=76 res=Changed ranges=[(16, 74, 0), (75, 75, 175), (76, 83, 255), (84, 84, 64), (85, 86, 0)]
combined case=arc_span45 y=77 res=Changed ranges=[(16, 73, 0), (74, 74, 79), (75, 82, 255), (83, 83, 192), (84, 86, 0)]
combined case=arc_span45 y=78 res=Changed ranges=[(16, 72, 0), (73, 73, 15), (74, 74, 239), (75, 82, 255), (83, 83, 96), (84, 86, 0)]
combined case=arc_span45 y=79 res=Changed ranges=[(16, 72, 0), (73, 73, 191), (74, 81, 255), (82, 82, 192), (83, 86, 0)]
combined case=arc_span45 y=80 res=Changed ranges=[(16, 71, 0), (72, 72, 143), (73, 81, 255), (82, 82, 64), (83, 86, 0)]
combined case=arc_span45 y=81 res=Changed ranges=[(16, 70, 0), (71, 71, 95), (72, 80, 255), (81, 81, 160), (82, 86, 0)]
combined case=arc_span45 y=82 res=Changed ranges=[(16, 70, 0), (71, 71, 130), (72, 79, 255), (80, 80, 240), (81, 81, 16), (82, 86, 0)]
combined case=arc_span45 y=83 res=Changed ranges=[(16, 71, 0), (72, 72, 132), (73, 79, 255), (80, 80, 64), (81, 86, 0)]
combined case=arc_span45 y=84 res=Changed ranges=[(16, 72, 0), (73, 73, 132), (74, 78, 255), (79, 79, 128), (80, 86, 0)]
combined case=arc_span45 y=85 res=Changed ranges=[(16, 73, 0), (74, 74, 132), (75, 77, 255), (78, 78, 176), (79, 86, 0)]
combined case=arc_span45 y=86 res=Changed ranges=[(16, 74, 0), (75, 75, 132), (76, 76, 255), (77, 77, 208), (78, 78, 16), (79, 86, 0)]
combined case=arc_span45 y=87 res=Changed ranges=[(16, 75, 0), (76, 76, 108), (77, 86, 0)]
combined case=arc_span45 y=88 res=Changed ranges=[(16, 86, 0)]
combined case=arc_span45 y=89 res=Changed ranges=[(16, 86, 0)]
combined case=arc_span45 y=90 res=Changed ranges=[(16, 86, 0)]
combined case=arc_span45 y=91 res=Changed ranges=[(16, 86, 0)]
combined case=arc_span45 y=92 res=Changed ranges=[(16, 86, 0)]
combined case=arc_span45 y=93 res=Changed ranges=[(16, 86, 0)]
combined case=arc_span45 y=94 res=Changed ranges=[(16, 86, 0)]
combined case=arc_span45 y=95 res=Changed ranges=[(16, 86, 0)]
combined case=arc_span45 y=96 res=Changed ranges=[(16, 86, 0)]
combined case=arc_span45 y=97 res=Changed ranges=[(16, 86, 0)]

case=arc_span90 start=0 end=90 width=8
combined case=arc_span90 y=27 res=Transparent ranges=[(16, 86, 0)]
combined case=arc_span90 y=28 res=Transparent ranges=[(16, 86, 0)]
combined case=arc_span90 y=29 res=Transparent ranges=[(16, 86, 0)]
combined case=arc_span90 y=30 res=Transparent ranges=[(16, 86, 0)]
combined case=arc_span90 y=31 res=Transparent ranges=[(16, 86, 0)]
combined case=arc_span90 y=32 res=Transparent ranges=[(16, 86, 0)]
combined case=arc_span90 y=33 res=Transparent ranges=[(16, 86, 0)]
combined case=arc_span90 y=34 res=Transparent ranges=[(16, 86, 0)]
combined case=arc_span90 y=35 res=Transparent ranges=[(16, 86, 0)]
combined case=arc_span90 y=36 res=Transparent ranges=[(16, 86, 0)]
combined case=arc_span90 y=37 res=Transparent ranges=[(16, 86, 0)]
combined case=arc_span90 y=38 res=Transparent ranges=[(16, 86, 0)]
combined case=arc_span90 y=39 res=Transparent ranges=[(16, 86, 0)]
combined case=arc_span90 y=40 res=Transparent ranges=[(16, 86, 0)]
combined case=arc_span90 y=41 res=Transparent ranges=[(16, 86, 0)]
combined case=arc_span90 y=42 res=Transparent ranges=[(16, 86, 0)]
combined case=arc_span90 y=43 res=Transparent ranges=[(16, 86, 0)]
combined case=arc_span90 y=44 res=Transparent ranges=[(16, 86, 0)]
combined case=arc_span90 y=45 res=Transparent ranges=[(16, 86, 0)]
combined case=arc_span90 y=46 res=Transparent ranges=[(16, 86, 0)]
combined case=arc_span90 y=47 res=Transparent ranges=[(16, 86, 0)]
combined case=arc_span90 y=48 res=Transparent ranges=[(16, 86, 0)]
combined case=arc_span90 y=49 res=Transparent ranges=[(16, 86, 0)]
combined case=arc_span90 y=50 res=Transparent ranges=[(16, 86, 0)]
combined case=arc_span90 y=51 res=Transparent ranges=[(16, 86, 0)]
combined case=arc_span90 y=52 res=Transparent ranges=[(16, 86, 0)]
combined case=arc_span90 y=53 res=Transparent ranges=[(16, 86, 0)]
combined case=arc_span90 y=54 res=Transparent ranges=[(16, 86, 0)]
combined case=arc_span90 y=55 res=Transparent ranges=[(16, 86, 0)]
combined case=arc_span90 y=56 res=Transparent ranges=[(16, 86, 0)]
combined case=arc_span90 y=57 res=Transparent ranges=[(16, 86, 0)]
combined case=arc_span90 y=58 res=Transparent ranges=[(16, 86, 0)]
combined case=arc_span90 y=59 res=Transparent ranges=[(16, 86, 0)]
combined case=arc_span90 y=60 res=Transparent ranges=[(16, 86, 0)]
combined case=arc_span90 y=61 res=Transparent ranges=[(16, 86, 0)]
combined case=arc_span90 y=62 res=Changed ranges=[(16, 78, 0), (79, 86, 255)]
combined case=arc_span90 y=63 res=Changed ranges=[(16, 78, 0), (79, 86, 255)]
combined case=arc_span90 y=64 res=Changed ranges=[(16, 78, 0), (79, 86, 255)]
combined case=arc_span90 y=65 res=Changed ranges=[(16, 77, 0), (78, 78, 31), (79, 85, 255), (86, 86, 240)]
combined case=arc_span90 y=66 res=Changed ranges=[(16, 77, 0), (78, 78, 63), (79, 85, 255), (86, 86, 192)]
combined case=arc_span90 y=67 res=Changed ranges=[(16, 77, 0), (78, 78, 111), (79, 85, 255), (86, 86, 192)]
combined case=arc_span90 y=68 res=Changed ranges=[(16, 77, 0), (78, 78, 143), (79, 85, 255), (86, 86, 128)]
combined case=arc_span90 y=69 res=Changed ranges=[(16, 77, 0), (78, 78, 207), (79, 85, 255), (86, 86, 96)]
combined case=arc_span90 y=70 res=Changed ranges=[(16, 76, 0), (77, 77, 31), (78, 85, 255), (86, 86, 48)]
combined case=arc_span90 y=71 res=Changed ranges=[(16, 76, 0), (77, 77, 95), (78, 84, 255), (85, 85, 240), (86, 86, 0)]
combined case=arc_span90 y=72 res=Changed ranges=[(16, 76, 0), (77, 77, 207), (78, 84, 255), (85, 85, 160), (86, 86, 0)]
combined case=arc_span90 y=73 res=Changed ranges=[(16, 75, 0), (76, 76, 31), (77, 84, 255), (85, 85, 96), (86, 86, 0)]
combined case=arc_span90 y=74 res=Changed ranges=[(16, 75, 0), (76, 76, 159), (77, 84, 255), (85, 85, 16), (86, 86, 0)]
combined case=arc_span90 y=75 res=Changed ranges=[(16, 74, 0), (75, 75, 31), (76, 83, 255), (84, 84, 160), (85, 86, 0)]
combined case=arc_span90 y=76 res=Changed ranges=[(16, 74, 0), (75, 75, 175), (76, 83, 255), (84, 84, 64), (85, 86, 0)]
combined case=arc_span90 y=77 res=Changed ranges=[(16, 73, 0), (74, 74, 79), (75, 82, 255), (83, 83, 192), (84, 86, 0)]
combined case=arc_span90 y=78 res=Changed ranges=[(16, 72, 0), (73, 73, 15), (74, 74, 239), (75, 82, 255), (83, 83, 96), (84, 86, 0)]
combined case=arc_span90 y=79 res=Changed ranges=[(16, 72, 0), (73, 73, 191), (74, 81, 255), (82, 82, 192), (83, 86, 0)]
combined case=arc_span90 y=80 res=Changed ranges=[(16, 71, 0), (72, 72, 143), (73, 81, 255), (82, 82, 64), (83, 86, 0)]
combined case=arc_span90 y=81 res=Changed ranges=[(16, 70, 0), (71, 71, 95), (72, 80, 255), (81, 81, 160), (82, 86, 0)]
combined case=arc_span90 y=82 res=Changed ranges=[(16, 69, 0), (70, 70, 95), (71, 79, 255), (80, 80, 240), (81, 81, 16), (82, 86, 0)]
combined case=arc_span90 y=83 res=Changed ranges=[(16, 68, 0), (69, 69, 143), (70, 79, 255), (80, 80, 64), (81, 86, 0)]
combined case=arc_span90 y=84 res=Changed ranges=[(16, 66, 0), (67, 67, 15), (68, 68, 191), (69, 78, 255), (79, 79, 128), (80, 86, 0)]
combined case=arc_span90 y=85 res=Changed ranges=[(16, 65, 0), (66, 66, 79), (67, 67, 239), (68, 77, 255), (78, 78, 176), (79, 86, 0)]
combined case=arc_span90 y=86 res=Changed ranges=[(16, 63, 0), (64, 64, 31), (65, 65, 175), (66, 76, 255), (77, 77, 208), (78, 78, 16), (79, 86, 0)]
combined case=arc_span90 y=87 res=Changed ranges=[(16, 61, 0), (62, 62, 31), (63, 63, 159), (64, 75, 255), (76, 76, 208), (77, 86, 0)]
combined case=arc_span90 y=88 res=Changed ranges=[(16, 58, 0), (59, 59, 31), (60, 60, 95), (61, 61, 207), (62, 74, 255), (75, 75, 208), (76, 86, 0)]
combined case=arc_span90 y=89 res=Changed ranges=[(16, 53, 0), (54, 54, 31), (55, 55, 63), (56, 56, 111), (57, 57, 143), (58, 58, 207), (59, 73, 255), (74, 74, 176), (75, 75, 16), (76, 86, 0)]
combined case=arc_span90 y=90 res=Changed ranges=[(16, 50, 0), (51, 72, 255), (73, 73, 128), (74, 86, 0)]
combined case=arc_span90 y=91 res=Changed ranges=[(16, 50, 0), (51, 70, 255), (71, 71, 240), (72, 72, 64), (73, 86, 0)]
combined case=arc_span90 y=92 res=Changed ranges=[(16, 50, 0), (51, 69, 255), (70, 70, 160), (71, 71, 16), (72, 86, 0)]
combined case=arc_span90 y=93 res=Changed ranges=[(16, 50, 0), (51, 67, 255), (68, 68, 192), (69, 69, 64), (70, 86, 0)]
combined case=arc_span90 y=94 res=Changed ranges=[(16, 50, 0), (51, 65, 255), (66, 66, 192), (67, 67, 96), (68, 86, 0)]
combined case=arc_span90 y=95 res=Changed ranges=[(16, 50, 0), (51, 63, 255), (64, 64, 160), (65, 65, 64), (66, 86, 0)]
combined case=arc_span90 y=96 res=Changed ranges=[(16, 50, 0), (51, 59, 255), (60, 60, 240), (61, 61, 160), (62, 62, 96), (63, 63, 16), (64, 86, 0)]
combined case=arc_span90 y=97 res=Changed ranges=[(16, 50, 0), (51, 53, 255), (54, 54, 240), (55, 56, 192), (57, 57, 128), (58, 58, 96), (59, 59, 48), (60, 86, 0)]

case=arc_span180 start=0 end=180 width=8
combined case=arc_span180 y=27 res=Transparent ranges=[(16, 86, 0)]
combined case=arc_span180 y=28 res=Transparent ranges=[(16, 86, 0)]
combined case=arc_span180 y=29 res=Transparent ranges=[(16, 86, 0)]
combined case=arc_span180 y=30 res=Transparent ranges=[(16, 86, 0)]
combined case=arc_span180 y=31 res=Transparent ranges=[(16, 86, 0)]
combined case=arc_span180 y=32 res=Transparent ranges=[(16, 86, 0)]
combined case=arc_span180 y=33 res=Transparent ranges=[(16, 86, 0)]
combined case=arc_span180 y=34 res=Transparent ranges=[(16, 86, 0)]
combined case=arc_span180 y=35 res=Transparent ranges=[(16, 86, 0)]
combined case=arc_span180 y=36 res=Transparent ranges=[(16, 86, 0)]
combined case=arc_span180 y=37 res=Transparent ranges=[(16, 86, 0)]
combined case=arc_span180 y=38 res=Transparent ranges=[(16, 86, 0)]
combined case=arc_span180 y=39 res=Transparent ranges=[(16, 86, 0)]
combined case=arc_span180 y=40 res=Transparent ranges=[(16, 86, 0)]
combined case=arc_span180 y=41 res=Transparent ranges=[(16, 86, 0)]
combined case=arc_span180 y=42 res=Transparent ranges=[(16, 86, 0)]
combined case=arc_span180 y=43 res=Transparent ranges=[(16, 86, 0)]
combined case=arc_span180 y=44 res=Transparent ranges=[(16, 86, 0)]
combined case=arc_span180 y=45 res=Transparent ranges=[(16, 86, 0)]
combined case=arc_span180 y=46 res=Transparent ranges=[(16, 86, 0)]
combined case=arc_span180 y=47 res=Transparent ranges=[(16, 86, 0)]
combined case=arc_span180 y=48 res=Transparent ranges=[(16, 86, 0)]
combined case=arc_span180 y=49 res=Transparent ranges=[(16, 86, 0)]
combined case=arc_span180 y=50 res=Transparent ranges=[(16, 86, 0)]
combined case=arc_span180 y=51 res=Transparent ranges=[(16, 86, 0)]
combined case=arc_span180 y=52 res=Transparent ranges=[(16, 86, 0)]
combined case=arc_span180 y=53 res=Transparent ranges=[(16, 86, 0)]
combined case=arc_span180 y=54 res=Transparent ranges=[(16, 86, 0)]
combined case=arc_span180 y=55 res=Transparent ranges=[(16, 86, 0)]
combined case=arc_span180 y=56 res=Transparent ranges=[(16, 86, 0)]
combined case=arc_span180 y=57 res=Transparent ranges=[(16, 86, 0)]
combined case=arc_span180 y=58 res=Transparent ranges=[(16, 86, 0)]
combined case=arc_span180 y=59 res=Transparent ranges=[(16, 86, 0)]
combined case=arc_span180 y=60 res=Transparent ranges=[(16, 86, 0)]
combined case=arc_span180 y=61 res=Transparent ranges=[(16, 86, 0)]
combined case=arc_span180 y=62 res=Changed ranges=[(16, 23, 255), (24, 78, 0), (79, 86, 255)]
combined case=arc_span180 y=63 res=Changed ranges=[(16, 23, 255), (24, 78, 0), (79, 86, 255)]
combined case=arc_span180 y=64 res=Changed ranges=[(16, 23, 255), (24, 78, 0), (79, 86, 255)]
combined case=arc_span180 y=65 res=Changed ranges=[(16, 16, 240), (17, 23, 255), (24, 24, 31), (25, 77, 0), (78, 78, 31), (79, 85, 255), (86, 86, 240)]
combined case=arc_span180 y=66 res=Changed ranges=[(16, 16, 192), (17, 23, 255), (24, 24, 63), (25, 77, 0), (78, 78, 63), (79, 85, 255), (86, 86, 192)]
combined case=arc_span180 y=67 res=Changed ranges=[(16, 16, 192), (17, 23, 255), (24, 24, 111), (25, 77, 0), (78, 78, 111), (79, 85, 255), (86, 86, 192)]
combined case=arc_span180 y=68 res=Changed ranges=[(16, 16, 128), (17, 23, 255), (24, 24, 143), (25, 77, 0), (78, 78, 143), (79, 85, 255), (86, 86, 128)]
combined case=arc_span180 y=69 res=Changed ranges=[(16, 16, 96), (17, 23, 255), (24, 24, 207), (25, 77, 0), (78, 78, 207), (79, 85, 255), (86, 86, 96)]
combined case=arc_span180 y=70 res=Changed ranges=[(16, 16, 48), (17, 24, 255), (25, 25, 31), (26, 76, 0), (77, 77, 31), (78, 85, 255), (86, 86, 48)]
combined case=arc_span180 y=71 res=Changed ranges=[(16, 16, 0), (17, 17, 240), (18, 24, 255), (25, 25, 95), (26, 76, 0), (77, 77, 95), (78, 84, 255), (85, 85, 240), (86, 86, 0)]
combined case=arc_span180 y=72 res=Changed ranges=[(16, 16, 0), (17, 17, 160), (18, 24, 255), (25, 25, 207), (26, 76, 0), (77, 77, 207), (78, 84, 255), (85, 85, 160), (86, 86, 0)]
combined case=arc_span180 y=73 res=Changed ranges=[(16, 16, 0), (17, 17, 96), (18, 25, 255), (26, 26, 31), (27, 75, 0), (76, 76, 31), (77, 84, 255), (85, 85, 96), (86, 86, 0)]
combined case=arc_span180 y=74 res=Changed ranges=[(16, 16, 0), (17, 17, 16), (18, 25, 255), (26, 26, 159), (27, 75, 0), (76, 76, 159), (77, 84, 255), (85, 85, 16), (86, 86, 0)]
combined case=arc_span180 y=75 res=Changed ranges=[(16, 17, 0), (18, 18, 160), (19, 26, 255), (27, 27, 31), (28, 74, 0), (75, 75, 31), (76, 83, 255), (84, 84, 160), (85, 86, 0)]
combined case=arc_span180 y=76 res=Changed ranges=[(16, 17, 0), (18, 18, 64), (19, 26, 255), (27, 27, 175), (28, 74, 0), (75, 75, 175), (76, 83, 255), (84, 84, 64), (85, 86, 0)]
combined case=arc_span180 y=77 res=Changed ranges=[(16, 18, 0), (19, 19, 192), (20, 27, 255), (28, 28, 79), (29, 73, 0), (74, 74, 79), (75, 82, 255), (83, 83, 192), (84, 86, 0)]
combined case=arc_span180 y=78 res=Changed ranges=[(16, 18, 0), (19, 19, 96), (20, 27, 255), (28, 28, 239), (29, 29, 15), (30, 72, 0), (73, 73, 15), (74, 74, 239), (75, 82, 255), (83, 83, 96), (84, 86, 0)]
combined case=arc_span180 y=79 res=Changed ranges=[(16, 19, 0), (20, 20, 192), (21, 28, 255), (29, 29, 191), (30, 72, 0), (73, 73, 191), (74, 81, 255), (82, 82, 192), (83, 86, 0)]
combined case=arc_span180 y=80 res=Changed ranges=[(16, 19, 0), (20, 20, 64), (21, 29, 255), (30, 30, 143), (31, 71, 0), (72, 72, 143), (73, 81, 255), (82, 82, 64), (83, 86, 0)]
combined case=arc_span180 y=81 res=Changed ranges=[(16, 20, 0), (21, 21, 160), (22, 30, 255), (31, 31, 95), (32, 70, 0), (71, 71, 95), (72, 80, 255), (81, 81, 160), (82, 86, 0)]
combined case=arc_span180 y=82 res=Changed ranges=[(16, 20, 0), (21, 21, 16), (22, 22, 240), (23, 31, 255), (32, 32, 95), (33, 69, 0), (70, 70, 95), (71, 79, 255), (80, 80, 240), (81, 81, 16), (82, 86, 0)]
combined case=arc_span180 y=83 res=Changed ranges=[(16, 21, 0), (22, 22, 64), (23, 32, 255), (33, 33, 143), (34, 68, 0), (69, 69, 143), (70, 79, 255), (80, 80, 64), (81, 86, 0)]
combined case=arc_span180 y=84 res=Changed ranges=[(16, 22, 0), (23, 23, 128), (24, 33, 255), (34, 34, 191), (35, 35, 15), (36, 66, 0), (67, 67, 15), (68, 68, 191), (69, 78, 255), (79, 79, 128), (80, 86, 0)]
combined case=arc_span180 y=85 res=Changed ranges=[(16, 23, 0), (24, 24, 176), (25, 34, 255), (35, 35, 239), (36, 36, 79), (37, 65, 0), (66, 66, 79), (67, 67, 239), (68, 77, 255), (78, 78, 176), (79, 86, 0)]
combined case=arc_span180 y=86 res=Changed ranges=[(16, 23, 0), (24, 24, 16), (25, 25, 208), (26, 36, 255), (37, 37, 175), (38, 38, 31), (39, 63, 0), (64, 64, 31), (65, 65, 175), (66, 76, 255), (77, 77, 208), (78, 78, 16), (79, 86, 0)]
combined case=arc_span180 y=87 res=Changed ranges=[(16, 25, 0), (26, 26, 208), (27, 38, 255), (39, 39, 159), (40, 40, 31), (41, 61, 0), (62, 62, 31), (63, 63, 159), (64, 75, 255), (76, 76, 208), (77, 86, 0)]
combined case=arc_span180 y=88 res=Changed ranges=[(16, 26, 0), (27, 27, 208), (28, 40, 255), (41, 41, 207), (42, 42, 95), (43, 43, 31), (44, 58, 0), (59, 59, 31), (60, 60, 95), (61, 61, 207), (62, 74, 255), (75, 75, 208), (76, 86, 0)]
combined case=arc_span180 y=89 res=Changed ranges=[(16, 26, 0), (27, 27, 16), (28, 28, 176), (29, 43, 255), (44, 44, 207), (45, 45, 143), (46, 46, 111), (47, 47, 63), (48, 48, 31), (49, 53, 0), (54, 54, 31), (55, 55, 63), (56, 56, 111), (57, 57, 143), (58, 58, 207), (59, 73, 255), (74, 74, 176), (75, 75, 16), (76, 86, 0)]
combined case=arc_span180 y=90 res=Changed ranges=[(16, 28, 0), (29, 29, 128), (30, 72, 255), (73, 73, 128), (74, 86, 0)]
combined case=arc_span180 y=91 res=Changed ranges=[(16, 29, 0), (30, 30, 64), (31, 31, 240), (32, 70, 255), (71, 71, 240), (72, 72, 64), (73, 86, 0)]
combined case=arc_span180 y=92 res=Changed ranges=[(16, 30, 0), (31, 31, 16), (32, 32, 160), (33, 69, 255), (70, 70, 160), (71, 71, 16), (72, 86, 0)]
combined case=arc_span180 y=93 res=Changed ranges=[(16, 32, 0), (33, 33, 64), (34, 34, 192), (35, 67, 255), (68, 68, 192), (69, 69, 64), (70, 86, 0)]
combined case=arc_span180 y=94 res=Changed ranges=[(16, 34, 0), (35, 35, 96), (36, 36, 192), (37, 65, 255), (66, 66, 192), (67, 67, 96), (68, 86, 0)]
combined case=arc_span180 y=95 res=Changed ranges=[(16, 36, 0), (37, 37, 64), (38, 38, 160), (39, 63, 255), (64, 64, 160), (65, 65, 64), (66, 86, 0)]
combined case=arc_span180 y=96 res=Changed ranges=[(16, 38, 0), (39, 39, 16), (40, 40, 96), (41, 41, 160), (42, 42, 240), (43, 59, 255), (60, 60, 240), (61, 61, 160), (62, 62, 96), (63, 63, 16), (64, 86, 0)]
combined case=arc_span180 y=97 res=Changed ranges=[(16, 42, 0), (43, 43, 48), (44, 44, 96), (45, 45, 128), (46, 47, 192), (48, 48, 240), (49, 53, 255), (54, 54, 240), (55, 56, 192), (57, 57, 128), (58, 58, 96), (59, 59, 48), (60, 86, 0)]

case=arc_span270 start=0 end=270 width=8
combined case=arc_span270 y=27 res=Changed ranges=[(16, 42, 0), (43, 43, 48), (44, 44, 96), (45, 45, 128), (46, 47, 192), (48, 48, 240), (49, 50, 255), (51, 86, 0)]
combined case=arc_span270 y=28 res=Changed ranges=[(16, 38, 0), (39, 39, 16), (40, 40, 96), (41, 41, 160), (42, 42, 240), (43, 50, 255), (51, 86, 0)]
combined case=arc_span270 y=29 res=Changed ranges=[(16, 36, 0), (37, 37, 64), (38, 38, 160), (39, 50, 255), (51, 86, 0)]
combined case=arc_span270 y=30 res=Changed ranges=[(16, 34, 0), (35, 35, 96), (36, 36, 192), (37, 50, 255), (51, 86, 0)]
combined case=arc_span270 y=31 res=Changed ranges=[(16, 32, 0), (33, 33, 64), (34, 34, 192), (35, 50, 255), (51, 86, 0)]
combined case=arc_span270 y=32 res=Changed ranges=[(16, 30, 0), (31, 31, 16), (32, 32, 160), (33, 50, 255), (51, 86, 0)]
combined case=arc_span270 y=33 res=Changed ranges=[(16, 29, 0), (30, 30, 64), (31, 31, 240), (32, 50, 255), (51, 86, 0)]
combined case=arc_span270 y=34 res=Changed ranges=[(16, 28, 0), (29, 29, 128), (30, 50, 255), (51, 86, 0)]
combined case=arc_span270 y=35 res=Changed ranges=[(16, 26, 0), (27, 27, 16), (28, 28, 176), (29, 43, 255), (44, 44, 207), (45, 45, 143), (46, 46, 111), (47, 47, 63), (48, 48, 31), (49, 86, 0)]
combined case=arc_span270 y=36 res=Changed ranges=[(16, 26, 0), (27, 27, 208), (28, 40, 255), (41, 41, 207), (42, 42, 95), (43, 43, 31), (44, 86, 0)]
combined case=arc_span270 y=37 res=Changed ranges=[(16, 25, 0), (26, 26, 208), (27, 38, 255), (39, 39, 159), (40, 40, 31), (41, 86, 0)]
combined case=arc_span270 y=38 res=Changed ranges=[(16, 23, 0), (24, 24, 16), (25, 25, 208), (26, 36, 255), (37, 37, 175), (38, 38, 31), (39, 86, 0)]
combined case=arc_span270 y=39 res=Changed ranges=[(16, 23, 0), (24, 24, 176), (25, 34, 255), (35, 35, 239), (36, 36, 79), (37, 86, 0)]
combined case=arc_span270 y=40 res=Changed ranges=[(16, 22, 0), (23, 23, 128), (24, 33, 255), (34, 34, 191), (35, 35, 15), (36, 86, 0)]
combined case=arc_span270 y=41 res=Changed ranges=[(16, 21, 0), (22, 22, 64), (23, 32, 255), (33, 33, 143), (34, 86, 0)]
combined case=arc_span270 y=42 res=Changed ranges=[(16, 20, 0), (21, 21, 16), (22, 22, 240), (23, 31, 255), (32, 32, 95), (33, 86, 0)]
combined case=arc_span270 y=43 res=Changed ranges=[(16, 20, 0), (21, 21, 160), (22, 30, 255), (31, 31, 95), (32, 86, 0)]
combined case=arc_span270 y=44 res=Changed ranges=[(16, 19, 0), (20, 20, 64), (21, 29, 255), (30, 30, 143), (31, 86, 0)]
combined case=arc_span270 y=45 res=Changed ranges=[(16, 19, 0), (20, 20, 192), (21, 28, 255), (29, 29, 191), (30, 86, 0)]
combined case=arc_span270 y=46 res=Changed ranges=[(16, 18, 0), (19, 19, 96), (20, 27, 255), (28, 28, 239), (29, 29, 15), (30, 86, 0)]
combined case=arc_span270 y=47 res=Changed ranges=[(16, 18, 0), (19, 19, 192), (20, 27, 255), (28, 28, 79), (29, 86, 0)]
combined case=arc_span270 y=48 res=Changed ranges=[(16, 17, 0), (18, 18, 64), (19, 26, 255), (27, 27, 175), (28, 86, 0)]
combined case=arc_span270 y=49 res=Changed ranges=[(16, 17, 0), (18, 18, 160), (19, 26, 255), (27, 27, 31), (28, 86, 0)]
combined case=arc_span270 y=50 res=Changed ranges=[(16, 16, 0), (17, 17, 16), (18, 25, 255), (26, 26, 159), (27, 86, 0)]
combined case=arc_span270 y=51 res=Changed ranges=[(16, 16, 0), (17, 17, 96), (18, 25, 255), (26, 26, 31), (27, 86, 0)]
combined case=arc_span270 y=52 res=Changed ranges=[(16, 16, 0), (17, 17, 160), (18, 24, 255), (25, 25, 207), (26, 86, 0)]
combined case=arc_span270 y=53 res=Changed ranges=[(16, 16, 0), (17, 17, 240), (18, 24, 255), (25, 25, 95), (26, 86, 0)]
combined case=arc_span270 y=54 res=Changed ranges=[(16, 16, 48), (17, 24, 255), (25, 25, 31), (26, 86, 0)]
combined case=arc_span270 y=55 res=Changed ranges=[(16, 16, 96), (17, 23, 255), (24, 24, 207), (25, 86, 0)]
combined case=arc_span270 y=56 res=Changed ranges=[(16, 16, 128), (17, 23, 255), (24, 24, 143), (25, 86, 0)]
combined case=arc_span270 y=57 res=Changed ranges=[(16, 16, 192), (17, 23, 255), (24, 24, 111), (25, 86, 0)]
combined case=arc_span270 y=58 res=Changed ranges=[(16, 16, 192), (17, 23, 255), (24, 24, 63), (25, 86, 0)]
combined case=arc_span270 y=59 res=Changed ranges=[(16, 16, 240), (17, 23, 255), (24, 24, 31), (25, 86, 0)]
combined case=arc_span270 y=60 res=Changed ranges=[(16, 23, 255), (24, 86, 0)]
combined case=arc_span270 y=61 res=Changed ranges=[(16, 23, 255), (24, 86, 0)]
combined case=arc_span270 y=62 res=Changed ranges=[(16, 23, 255), (24, 78, 0), (79, 86, 255)]
combined case=arc_span270 y=63 res=Changed ranges=[(16, 23, 255), (24, 78, 0), (79, 86, 255)]
combined case=arc_span270 y=64 res=Changed ranges=[(16, 23, 255), (24, 78, 0), (79, 86, 255)]
combined case=arc_span270 y=65 res=Changed ranges=[(16, 16, 240), (17, 23, 255), (24, 24, 31), (25, 77, 0), (78, 78, 31), (79, 85, 255), (86, 86, 240)]
combined case=arc_span270 y=66 res=Changed ranges=[(16, 16, 192), (17, 23, 255), (24, 24, 63), (25, 77, 0), (78, 78, 63), (79, 85, 255), (86, 86, 192)]
combined case=arc_span270 y=67 res=Changed ranges=[(16, 16, 192), (17, 23, 255), (24, 24, 111), (25, 77, 0), (78, 78, 111), (79, 85, 255), (86, 86, 192)]
combined case=arc_span270 y=68 res=Changed ranges=[(16, 16, 128), (17, 23, 255), (24, 24, 143), (25, 77, 0), (78, 78, 143), (79, 85, 255), (86, 86, 128)]
combined case=arc_span270 y=69 res=Changed ranges=[(16, 16, 96), (17, 23, 255), (24, 24, 207), (25, 77, 0), (78, 78, 207), (79, 85, 255), (86, 86, 96)]
combined case=arc_span270 y=70 res=Changed ranges=[(16, 16, 48), (17, 24, 255), (25, 25, 31), (26, 76, 0), (77, 77, 31), (78, 85, 255), (86, 86, 48)]
combined case=arc_span270 y=71 res=Changed ranges=[(16, 16, 0), (17, 17, 240), (18, 24, 255), (25, 25, 95), (26, 76, 0), (77, 77, 95), (78, 84, 255), (85, 85, 240), (86, 86, 0)]
combined case=arc_span270 y=72 res=Changed ranges=[(16, 16, 0), (17, 17, 160), (18, 24, 255), (25, 25, 207), (26, 76, 0), (77, 77, 207), (78, 84, 255), (85, 85, 160), (86, 86, 0)]
combined case=arc_span270 y=73 res=Changed ranges=[(16, 16, 0), (17, 17, 96), (18, 25, 255), (26, 26, 31), (27, 75, 0), (76, 76, 31), (77, 84, 255), (85, 85, 96), (86, 86, 0)]
combined case=arc_span270 y=74 res=Changed ranges=[(16, 16, 0), (17, 17, 16), (18, 25, 255), (26, 26, 159), (27, 75, 0), (76, 76, 159), (77, 84, 255), (85, 85, 16), (86, 86, 0)]
combined case=arc_span270 y=75 res=Changed ranges=[(16, 17, 0), (18, 18, 160), (19, 26, 255), (27, 27, 31), (28, 74, 0), (75, 75, 31), (76, 83, 255), (84, 84, 160), (85, 86, 0)]
combined case=arc_span270 y=76 res=Changed ranges=[(16, 17, 0), (18, 18, 64), (19, 26, 255), (27, 27, 175), (28, 74, 0), (75, 75, 175), (76, 83, 255), (84, 84, 64), (85, 86, 0)]
combined case=arc_span270 y=77 res=Changed ranges=[(16, 18, 0), (19, 19, 192), (20, 27, 255), (28, 28, 79), (29, 73, 0), (74, 74, 79), (75, 82, 255), (83, 83, 192), (84, 86, 0)]
combined case=arc_span270 y=78 res=Changed ranges=[(16, 18, 0), (19, 19, 96), (20, 27, 255), (28, 28, 239), (29, 29, 15), (30, 72, 0), (73, 73, 15), (74, 74, 239), (75, 82, 255), (83, 83, 96), (84, 86, 0)]
combined case=arc_span270 y=79 res=Changed ranges=[(16, 19, 0), (20, 20, 192), (21, 28, 255), (29, 29, 191), (30, 72, 0), (73, 73, 191), (74, 81, 255), (82, 82, 192), (83, 86, 0)]
combined case=arc_span270 y=80 res=Changed ranges=[(16, 19, 0), (20, 20, 64), (21, 29, 255), (30, 30, 143), (31, 71, 0), (72, 72, 143), (73, 81, 255), (82, 82, 64), (83, 86, 0)]
combined case=arc_span270 y=81 res=Changed ranges=[(16, 20, 0), (21, 21, 160), (22, 30, 255), (31, 31, 95), (32, 70, 0), (71, 71, 95), (72, 80, 255), (81, 81, 160), (82, 86, 0)]
combined case=arc_span270 y=82 res=Changed ranges=[(16, 20, 0), (21, 21, 16), (22, 22, 240), (23, 31, 255), (32, 32, 95), (33, 69, 0), (70, 70, 95), (71, 79, 255), (80, 80, 240), (81, 81, 16), (82, 86, 0)]
combined case=arc_span270 y=83 res=Changed ranges=[(16, 21, 0), (22, 22, 64), (23, 32, 255), (33, 33, 143), (34, 68, 0), (69, 69, 143), (70, 79, 255), (80, 80, 64), (81, 86, 0)]
combined case=arc_span270 y=84 res=Changed ranges=[(16, 22, 0), (23, 23, 128), (24, 33, 255), (34, 34, 191), (35, 35, 15), (36, 66, 0), (67, 67, 15), (68, 68, 191), (69, 78, 255), (79, 79, 128), (80, 86, 0)]
combined case=arc_span270 y=85 res=Changed ranges=[(16, 23, 0), (24, 24, 176), (25, 34, 255), (35, 35, 239), (36, 36, 79), (37, 65, 0), (66, 66, 79), (67, 67, 239), (68, 77, 255), (78, 78, 176), (79, 86, 0)]
combined case=arc_span270 y=86 res=Changed ranges=[(16, 23, 0), (24, 24, 16), (25, 25, 208), (26, 36, 255), (37, 37, 175), (38, 38, 31), (39, 63, 0), (64, 64, 31), (65, 65, 175), (66, 76, 255), (77, 77, 208), (78, 78, 16), (79, 86, 0)]
combined case=arc_span270 y=87 res=Changed ranges=[(16, 25, 0), (26, 26, 208), (27, 38, 255), (39, 39, 159), (40, 40, 31), (41, 61, 0), (62, 62, 31), (63, 63, 159), (64, 75, 255), (76, 76, 208), (77, 86, 0)]
combined case=arc_span270 y=88 res=Changed ranges=[(16, 26, 0), (27, 27, 208), (28, 40, 255), (41, 41, 207), (42, 42, 95), (43, 43, 31), (44, 58, 0), (59, 59, 31), (60, 60, 95), (61, 61, 207), (62, 74, 255), (75, 75, 208), (76, 86, 0)]
combined case=arc_span270 y=89 res=Changed ranges=[(16, 26, 0), (27, 27, 16), (28, 28, 176), (29, 43, 255), (44, 44, 207), (45, 45, 143), (46, 46, 111), (47, 47, 63), (48, 48, 31), (49, 53, 0), (54, 54, 31), (55, 55, 63), (56, 56, 111), (57, 57, 143), (58, 58, 207), (59, 73, 255), (74, 74, 176), (75, 75, 16), (76, 86, 0)]
combined case=arc_span270 y=90 res=Changed ranges=[(16, 28, 0), (29, 29, 128), (30, 72, 255), (73, 73, 128), (74, 86, 0)]
combined case=arc_span270 y=91 res=Changed ranges=[(16, 29, 0), (30, 30, 64), (31, 31, 240), (32, 70, 255), (71, 71, 240), (72, 72, 64), (73, 86, 0)]
combined case=arc_span270 y=92 res=Changed ranges=[(16, 30, 0), (31, 31, 16), (32, 32, 160), (33, 69, 255), (70, 70, 160), (71, 71, 16), (72, 86, 0)]
combined case=arc_span270 y=93 res=Changed ranges=[(16, 32, 0), (33, 33, 64), (34, 34, 192), (35, 67, 255), (68, 68, 192), (69, 69, 64), (70, 86, 0)]
combined case=arc_span270 y=94 res=Changed ranges=[(16, 34, 0), (35, 35, 96), (36, 36, 192), (37, 65, 255), (66, 66, 192), (67, 67, 96), (68, 86, 0)]
combined case=arc_span270 y=95 res=Changed ranges=[(16, 36, 0), (37, 37, 64), (38, 38, 160), (39, 63, 255), (64, 64, 160), (65, 65, 64), (66, 86, 0)]
combined case=arc_span270 y=96 res=Changed ranges=[(16, 38, 0), (39, 39, 16), (40, 40, 96), (41, 41, 160), (42, 42, 240), (43, 59, 255), (60, 60, 240), (61, 61, 160), (62, 62, 96), (63, 63, 16), (64, 86, 0)]
combined case=arc_span270 y=97 res=Changed ranges=[(16, 42, 0), (43, 43, 48), (44, 44, 96), (45, 45, 128), (46, 47, 192), (48, 48, 240), (49, 53, 255), (54, 54, 240), (55, 56, 192), (57, 57, 128), (58, 58, 96), (59, 59, 48), (60, 86, 0)]
